Latitude,Longitude
25.17552307,51.43452899
25.39191214,51.52681042
25.17552307,51.43452899
26.2208,50.5849
26.21558607,50.58694421
26.2084923,50.61160426
25.2835,51.5284
25.2835,51.5284
25.269535,51.212767
25.269535,51.212767
26.213,50.6016
25.2835,51.5284
25.22872534,51.408839
25.2835,51.5284
25.2835,51.5284
25.2835,51.5284
25.2835,51.5284
25.2835,51.5284
25.2835,51.5284
25.2835,51.5284
25.2835,51.5284
25.2835,51.5284
26.26059247,50.61516626
25.01111111,51.04444444
25.2835,51.5284
25.41531343,51.40871196
26.21558607,50.58694421
25.7347,51.5475
25.28592708,51.42575745
25.28348229,51.4319594
25.32217587,51.48608908
26.22463944,50.58217049
25.17552307,51.43452899
26.213,50.6016
25.17552307,51.43452899
25.17552307,51.43452899
25.267266,51.530993
25.267266,51.530993
26.21438441,50.59200269
25.374421,51.466837
25.32024854,51.47414446
25.17552307,51.43452899
25.267266,51.530993
25.267266,51.530993
25.267266,51.530993
25.267266,51.530993
25.2835,51.5284
25.33822057,51.48769885
25.33845374,51.48344574
25.27872849,51.5084328
26.16020584,50.61067876
25.269535,51.212767
25.267266,51.530993
25.267266,51.530993
25.267266,51.530993
25.267266,51.530993
25.267266,51.530993
25.267266,51.530993
25.269535,51.212767
25.267258,51.530982
25.267258,51.530982
25.93573909,51.470577
25.17552307,51.43452899
25.2835,51.5284
25.2835,51.5284
25.266975,51.52994
25.266975,51.52994
25.269535,51.212767
25.2835,51.5284
25.31759715,51.51797828
25.27380194,51.53857094
25.2835,51.5284
25.2854473,51.5310398
25.2835,51.5284
25.13034442,51.33787498
26.2208,50.5849
25.2635594,51.4481163
25.2835,51.5284
25.2835,51.5284
25.2835,51.5284
26.2208,50.5849
25.323674,51.526582
25.323674,51.526582
25.2835,51.5284
25.2835,51.5284
25.2835,51.5284
25.26703508,51.51479376
25.19907598,51.44671698
25.2835,51.5284
24.83606287,50.86785793
24.83606287,50.86785793
24.83606287,50.86785793
25.2854473,51.5310398
25.323467,51.526465
25.323467,51.526465
26.2208,50.5849
25.22872534,51.408839
25.2835,51.5284
25.2835,51.5284
25.17552307,51.43452899
25.2854473,51.5310398
25.2835,51.5284
25.33435636,51.46633553
25.323587,51.5264
25.323587,51.5264
25.2835,51.5284
25.17552307,51.43452899
25.2835,51.5284
25.37108741,51.47060723
25.2835,51.5284
25.37108741,51.47060723
25.37108741,51.47060723
25.37108741,51.47060723
25.2835,51.5284
25.17552307,51.43452899
26.2208,50.5849
26.2208,50.5849
25.1149594,51.3448006
25.295681,51.514826
25.295681,51.514826
25.3308,51.518469
25.2835,51.5284
25.36091401,51.52741047
26.2363322,50.59272299
26.2363322,50.59272299
26.2363322,50.59272299
26.2363322,50.59272299
26.2363322,50.59272299
25.267246,51.531006
25.267246,51.531006
26.2363322,50.59272299
26.2363322,50.59272299
26.21558607,50.58694421
25.267248,51.531156
25.267248,51.531156
25.2835,51.5284
25.22872534,51.408839
25.22872534,51.408839
25.2835,51.5284
25.38600984,51.44189816
26.21558607,50.58694421
25.269535,51.212767
25.2835,51.5284
26.21438441,50.59200269
25.22872534,51.408839
25.22872534,51.408839
25.267224,51.531013
25.267224,51.531013
25.2835,51.5284
25.17070915,51.61014384
25.2491,51.5538
25.2835,51.5284
25.13217906,51.61783909
24.86167429,51.51437759
25.267216,51.531065
25.267216,51.531065
25.22872534,51.408839
26.21558607,50.58694421
25.267253,51.530993
25.267253,51.530993
25.269535,51.212767
25.269535,51.212767
25.2835,51.5284
25.27833333,51.51361111
25.267251,51.531072
25.267251,51.531072
25.267174,51.531319
25.267174,51.531319
25.267281,51.530978
25.267281,51.530978
25.26200548,51.61304052
26.22595834,50.58870768
25.267272,51.530995
25.267272,51.530995
25.26270072,51.61311597
25.267183,51.531251
25.267183,51.531251
25.29725403,51.64586695
25.29486587,51.53921217
26.1498,50.5829
25.26454291,51.52601474
25.29486587,51.53921217
25.29837636,51.54926327
26.26281142,50.60136457
25.29486587,51.53921217
25.26719,51.531335
25.26719,51.531335
25.267183,51.531315
25.267183,51.531315
25.37760444,51.42076798
25.37950644,51.53179318
25.21262,51.522759
25.21329827,51.52171977
26.21297037,50.61789717
25.2835,51.5284
25.28329399,51.49612409
25.25836797,51.50210142
25.254676,51.509682
25.26258283,51.50139317
25.25409508,51.50508881
26.2208,50.5849
25.26728,51.530984
25.26728,51.530984
25.2854473,51.5310398
25.26527228,51.4995185
25.26743597,51.49664607
25.2654219,51.49853974
25.28735328,51.52715665
25.26573531,51.50005369
25.26568237,51.49992985
25.2835,51.5284
26.2144685,50.6065198
25.2835,51.5284
25.32091569,51.52925763
25.17552307,51.43452899
25.31711225,51.50506936
25.31711225,51.50506936
25.25327875,51.55898977
26.2208,50.5849
25.30284125,51.47532846
25.17552307,51.43452899
25.32617484,51.54020533
25.2835,51.5284
25.2867,51.5333
25.17552307,51.43452899
25.17552307,51.43452899
25.25027768,51.43128057
25.340638,51.494539
25.267268,51.530976
25.267268,51.530976
25.2854473,51.5310398
25.32627,51.540344
25.269535,51.212767
25.2835,51.5284
25.2835,51.5284
25.17552307,51.43452899
25.267164,51.531341
25.267164,51.531341
25.17552307,51.43452899
25.17552307,51.43452899
25.269535,51.212767
25.28739955,51.54914171
25.2835,51.5284
25.2854473,51.5310398
25.267271,51.530988
25.267271,51.530988
25.3212013,51.43735891
25.31706775,51.51263209
26.22536136,50.58972082
26.0997,51.1611
25.269535,51.212767
25.2835,51.5284
25.2835,51.5284
25.30284125,51.47532846
25.30284125,51.47532846
25.36085751,51.5239048
25.166417,51.602155
25.2835,51.5284
25.26484683,51.47320847
25.17552307,51.43452899
26.25481813,50.63725224
26.2208,50.5849
25.2835,51.5284
25.2835,51.5284
25.2835,51.5284
25.2835,51.5284
25.2821604,51.4954871
25.2835,51.5284
25.38298522,51.44346622
25.35029695,51.53041185
26.21558607,50.58694421
25.3266184,51.5248421
25.27833333,51.51361111
25.28527702,51.52991165
25.2835,51.5284
25.36807028,51.55059814
25.28645125,51.52422519
26.29111111,50.66527778
25.267259,51.530992
25.267259,51.530992
25.2835,51.5284
25.17552307,51.43452899
25.267266,51.531032
25.267266,51.531032
25.26044481,51.56461
25.2835,51.5284
25.26200548,51.61304052
25.267223,51.531227
25.267223,51.531227
26.2208,50.5849
25.2672,51.531269
25.2672,51.531269
25.26772735,51.43853654
25.26772735,51.43853654
25.2835,51.5284
25.267233,51.531153
25.267233,51.531153
25.26200548,51.61304052
25.405176,51.453067
26.2461395,50.6011505
26.22595834,50.58870768
25.2835,51.5284
25.22872534,51.408839
25.29839709,51.44444591
25.42129,50.809938
25.2090873,51.43615428
25.2854473,51.5310398
25.2835,51.5284
25.2835,51.5284
25.2835,51.5284
25.3212013,51.43735891
25.2835,51.5284
25.36962334,51.54646008
25.23386021,51.57467008
25.20926679,51.59008548
25.22678193,51.58244413
25.272296,51.544731
25.27270473,51.54478126
25.27235331,51.54431734
25.27298245,51.54453951
25.27040339,51.54604141
25.27089197,51.50928155
25.297083,51.55111
25.29181412,51.54554987
25.29468756,51.52889203
25.291153,51.544617
25.30526717,51.51600752
25.27400228,51.53860175
25.29139559,51.53720319
25.26703508,51.51479376
25.1149594,51.3448006
25.3283,51.53638
25.32719825,51.53687423
25.32676363,51.53732197
25.32573888,51.5336928
25.32650469,51.53526016
25.269535,51.212767
26.22036368,50.60434324
25.269535,51.212767
25.2835,51.5284
25.31058882,51.51823997
25.269535,51.212767
25.16275191,51.59731654
25.267267,51.530988
25.267267,51.530988
25.3582449,51.4291344
26.14090742,50.5873529
26.264848,50.630571
25.2835,51.5284
25.2835,51.5284
25.2835,51.5284
25.18073509,51.42959425
25.2835,51.5284
25.1149594,51.3448006
25.267313,51.530924
25.267313,51.530924
26.21096197,50.59357554
25.2835,51.5284
25.2835,51.5284
25.85163549,50.6122189
25.2835,51.5284
25.2835,51.5284
25.267289,51.530981
25.267289,51.530981
25.2835,51.5284
25.32091569,51.52925763
25.22872534,51.408839
25.22872534,51.408839
25.25992342,51.44338711
25.39191214,51.52681042
25.269535,51.212767
26.2208,50.5849
25.326418,51.35109
25.326418,51.35109
26.29111111,50.66527778
24.85243,50.86188833
25.2835,51.5284
25.269535,51.212767
26.14090742,50.5873529
25.2835,51.5284
25.2835,51.5284
25.2835,51.5284
25.269535,51.212767
25.2835,51.5284
25.269535,51.212767
25.17552307,51.43452899
25.17552307,51.43452899
25.267293,51.530971
25.267293,51.530971
25.2835,51.5284
25.25214853,51.41326904
25.2835,51.5284
25.2835,51.5284
25.267239,51.531021
25.267239,51.531021
25.2835,51.5284
25.2835,51.5284
25.267167,51.531339
25.267167,51.531339
26.22595834,50.58870768
25.2835,51.5284
25.26726,51.53098
25.26726,51.53098
25.17552307,51.43452899
25.17552307,51.43452899
25.26724,51.531072
25.26724,51.531072
25.2835,51.5284
25.17552307,51.43452899
25.267218,51.531159
25.267218,51.531159
25.26719,51.531257
25.26719,51.531257
25.2835,51.5284
25.2835,51.5284
25.2835,51.5284
26.2127622,50.57099104
25.267284,51.530971
25.267284,51.530971
25.2835,51.5284
25.28703464,51.52908007
25.24547956,51.46444559
25.28703464,51.52908007
26.2208,50.5849
25.24248869,51.56957375
25.23859093,51.56303469
25.242731,51.569478
25.2854473,51.5310398
25.323646,51.526543
25.323646,51.526543
26.2208,50.5849
25.2835,51.5284
25.22322124,51.48874867
25.22961178,51.48867567
25.22951062,51.48807729
25.22902949,51.48887695
25.23049181,51.48573443
25.22955697,51.48822722
25.31359606,51.49815352
25.24719069,51.48842966
25.24775779,51.49010333
25.24754551,51.48898984
25.247679,51.489665
25.24762791,51.48920535
25.2848482,51.5376586
25.2835,51.5284
26.2208,50.5849
25.40442609,51.3945473
25.2835,51.5284
25.210438,50.769887
25.2835,51.5284
25.323657,51.526576
25.323657,51.526576
25.26713478,51.48397207
25.36165309,51.53357094
25.2835,51.5284
25.26713478,51.48397207
25.323634,51.526532
25.323634,51.526532
25.2835,51.5284
25.2835,51.5284
25.241153,51.5546071
25.30284125,51.47532846
25.35029695,51.53041185
25.37108741,51.47060723
26.2208,50.5849
25.37108741,51.47060723
25.35897184,51.52746677
26.2208,50.5849
25.282846,51.496079
25.282846,51.496079
26.14090742,50.5873529
25.32091569,51.52925763
25.3287084,51.53036536
25.15976252,51.57410502
25.2835,51.5284
25.2835,51.5284
25.2835,51.5284
25.2835,51.5284
25.17552307,51.43452899
25.2835,51.5284
25.17552307,51.43452899
26.21133002,50.60738616
26.2208,50.5849
25.21267527,51.52192271
25.17552307,51.43452899
25.17552307,51.43452899
25.2854473,51.5310398
25.2840212,51.45797611
25.267227,51.531028
25.267227,51.531028
25.3243959,51.5392503
25.2820436,51.529043
25.2820436,51.529043
26.26281142,50.60136457
25.28188367,51.53153543
25.2820436,51.529043
25.28194998,51.53182254
25.2835,51.5284
25.28545301,51.53641476
26.2208,50.5849
25.30284125,51.47532846
25.2835,51.5284
25.2835,51.5284
25.2835,51.5284
25.267269,51.53099
25.267269,51.53099
25.2835,51.5284
25.267269,51.53099
25.267269,51.53099
25.267269,51.53099
25.267269,51.53099
26.2208,50.5849
25.2835,51.5284
25.267269,51.53099
25.267269,51.53099
25.267269,51.53099
25.267269,51.53099
25.34816625,51.5294677
25.267269,51.53099
25.267269,51.53099
25.17480138,51.57422051
25.17480138,51.57422051
25.23386021,51.57467008
25.20926679,51.59008548
25.22678193,51.58244413
25.24378753,51.37007096
25.17480138,51.57422051
25.2835,51.5284
25.2835,51.5284
25.267228,51.531064
25.267228,51.531064
25.22872534,51.408839
25.24248869,51.56957375
25.2835,51.5284
25.17480138,51.57422051
25.17480138,51.57422051
25.32783416,51.53294313
25.3261301,51.53354255
25.326753,51.533404
25.32667152,51.53248102
25.32573888,51.5336928
25.329401,51.5348
25.327528,51.532715
25.17480138,51.57422051
25.323654,51.526568
25.323654,51.526568
25.17480138,51.57422051
25.27177272,51.52895904
25.241153,51.5546071
25.2835,51.5284
25.323674,51.526576
25.323674,51.526576
25.32650469,51.53526016
25.328093,51.533073
25.25101788,51.45373732
25.17936071,51.59903248
25.176494,51.593019
25.178951,51.596783
25.241153,51.5546071
25.26204032,51.49309523
25.323672,51.52658
25.323672,51.52658
25.2644382,51.5187856
25.2835,51.5284
25.9941402,50.5830056
25.32886321,51.53032279
25.32886321,51.53032279
25.22872534,51.408839
25.42441305,51.43549492
26.2208,50.5849
25.2835,51.5284
25.1149594,51.3448006
25.2835,51.5284
25.323661,51.526566
25.323661,51.526566
25.2835,51.5284
25.269535,51.212767
25.17552307,51.43452899
25.2835,51.5284
25.17552307,51.43452899
25.26377286,51.44103527
25.2835,51.5284
25.269535,51.212767
25.2867,51.5333
25.2835,51.5284
26.21438441,50.59200269
25.267301,51.530958
25.267301,51.530958
25.2867,51.5333
25.17552307,51.43452899
25.271854,51.52931
25.27306918,51.52753257
25.27500941,51.52701289
25.27177272,51.52895904
25.17552307,51.43452899
25.27351926,51.54125664
25.2739871,51.54146968
25.27529481,51.54154421
25.28333,51.53333
25.272655,51.529272
26.2208,50.5849
26.2208,50.5849
25.37760444,51.42076798
25.2835,51.5284
25.2835,51.5284
25.2835,51.5284
25.2835,51.5284
25.2835,51.5284
25.2835,51.5284
25.2835,51.5284
25.2835,51.5284
25.2835,51.5284
25.1972129,51.5462971
25.1972129,51.5462971
25.2835,51.5284
25.267293,51.530956
25.267293,51.530956
25.2835,51.5284
25.269535,51.212767
25.3,51.51
25.2835,51.5284
25.22872534,51.408839
25.23861907,51.56884731
25.26270072,51.61311597
25.267241,51.531021
25.267241,51.531021
25.283,51.533
25.2835,51.5284
25.26200548,51.61304052
25.26222362,51.61213976
25.26270072,51.61311597
25.267265,51.530994
25.267265,51.530994
25.269535,51.212767
25.85163549,50.6122189
25.85163549,50.6122189
25.26270072,51.61311597
25.2835,51.5284
25.267265,51.530994
25.267265,51.530994
25.267265,51.530994
25.267265,51.530994
25.2835,51.5284
25.267265,51.530994
25.267265,51.530994
25.17552307,51.43452899
25.17552307,51.43452899
25.267265,51.530994
25.267265,51.530994
25.2835,51.5284
25.267265,51.530994
25.267265,51.530994
25.27124649,51.53665077
25.22872534,51.408839
26.2208,50.5849
25.2835,51.5284
26.26983625,50.62640694
25.269535,51.212767
25.38600984,51.44189816
25.36962334,51.54646008
25.17552307,51.43452899
25.267207,51.530799
25.267207,51.530799
25.2707205,51.5377987
25.36962334,51.54646008
25.26729019,51.47165408
25.323646,51.526546
25.323646,51.526546
25.28556882,51.50059616
25.31311909,51.50325243
25.269535,51.212767
25.2835,51.5284
25.2835,51.5284
25.2835,51.5284
26.2208,50.5849
25.3200649,51.4761915
25.2835,51.5284
25.1149594,51.3448006
25.17480138,51.57422051
25.17480138,51.57422051
25.22619353,51.45688534
25.3179133,51.52246833
25.2835,51.5284
25.22872534,51.408839
25.22872534,51.408839
25.2835,51.5284
25.22872534,51.408839
25.323652,51.52655
25.323652,51.52655
25.17552307,51.43452899
25.17552307,51.43452899
25.17552307,51.43452899
25.2835,51.5284
25.2854473,51.5310398
25.17552307,51.43452899
25.1846051,51.5676033
25.1846051,51.5676033
25.1846051,51.5676033
25.1846051,51.5676033
25.1846051,51.5676033
25.1846051,51.5676033
25.323628,51.526517
25.323628,51.526517
25.65222168,51.48777771
25.27931443,51.60732696
25.269535,51.212767
25.269535,51.212767
25.2835,51.5284
25.1846051,51.5676033
25.1846051,51.5676033
25.32091569,51.52925763
25.2624829,51.4313393
25.1846051,51.5676033
25.1846051,51.5676033
25.1846051,51.5676033
25.1846051,51.5676033
25.22872534,51.408839
25.2835,51.5284
25.28766968,51.53298515
25.2835,51.5284
25.1846051,51.5676033
25.1846051,51.5676033
25.17552307,51.43452899
25.267332,51.530896
25.267332,51.530896
25.2835,51.5284
25.1846051,51.5676033
25.1846051,51.5676033
25.17552307,51.43452899
25.1846051,51.5676033
25.1846051,51.5676033
25.269535,51.212767
26.24222744,50.61520321
25.1846051,51.5676033
25.1846051,51.5676033
25.17552307,51.43452899
25.2835,51.5284
25.1846051,51.5676033
25.1846051,51.5676033
25.26717,51.531295
25.26717,51.531295
25.2854473,51.5310398
25.17552307,51.43452899
25.25223956,51.55458417
25.1846051,51.5676033
25.1846051,51.5676033
25.27182337,51.52898294
25.2835,51.5284
26.2113617,50.60937106
26.27603149,50.65651398
25.2761157,51.53929499
25.274048,51.538932
25.27724166,51.53731156
25.269535,51.212767
25.22619353,51.45688534
25.4169,51.4578
25.269535,51.212767
25.3543,51.4651
25.15866715,51.59673214
25.30284125,51.47532846
25.267237,51.531026
25.267237,51.531026
26.213,50.6016
25.2689,51.5334
25.27531847,51.5469718
25.27035631,51.52276369
25.27035631,51.52276369
25.27035631,51.52276369
25.27035631,51.52276369
25.27035631,51.52276369
25.27035631,51.52276369
25.25932481,51.61149284
25.36085751,51.5239048
25.26727,51.530965
25.26727,51.530965
25.2835,51.5284
25.2835,51.5284
25.26727,51.530965
25.26727,51.530965
25.26727,51.530965
25.26727,51.530965
25.1846051,51.5676033
25.1846051,51.5676033
25.2835,51.5284
25.354826,51.183884
25.1846051,51.5676033
25.1846051,51.5676033
25.267299,51.530966
25.267299,51.530966
25.1846051,51.5676033
25.1846051,51.5676033
26.2465814,50.57716225
26.29111111,50.66527778
26.25117363,50.63900775
25.33207862,51.49729635
25.22376538,51.58033225
25.20926679,51.59008548
25.2345389,51.57077055
26.2208,50.5849
25.2854473,51.5310398
25.37760444,51.42076798
26.23859807,50.65118318
25.2507998,51.5561927
25.269535,51.212767
25.354826,51.183884
25.29798428,51.64134172
25.36962334,51.54646008
25.25622074,51.42896646
25.185252,51.591558
25.32367,51.526576
25.32367,51.526576
25.42441305,51.43549492
25.2835,51.5284
25.2854473,51.5310398
25.2835,51.5284
25.2835,51.5284
25.26468491,51.52592182
25.2835,51.5284
25.32367,51.526576
25.32367,51.526576
25.2854473,51.5310398
25.2835,51.5284
25.323666,51.52657
25.323666,51.52657
25.22872534,51.408839
25.2835,51.5284
25.2835,51.5284
25.2835,51.5284
25.2835,51.5284
25.1149594,51.3448006
25.13034442,51.33787498
26.2208,50.5849
25.17552307,51.43452899
25.17552307,51.43452899
25.17552307,51.43452899
25.17552307,51.43452899
25.27198325,51.5264122
25.27182337,51.52898294
25.27449424,51.53007468
25.34434773,51.46948573
25.18281351,51.60124821
26.2363322,50.59272299
25.2950682,51.64602109
25.2835,51.5284
25.27177272,51.52895904
25.27306918,51.52753257
26.2208,50.5849
26.2208,50.5849
25.7347,51.5475
25.29486587,51.53921217
26.26966933,50.62599027
25.32618475,51.51757196
25.17070915,51.61014384
25.2854473,51.5310398
25.2835,51.5284
25.17070915,51.61014384
25.17552307,51.43452899
25.34475773,51.44056698
25.17070915,51.61014384
25.2835,51.5284
25.26729,51.530968
25.26729,51.530968
25.267281,51.530976
25.267281,51.530976
25.2835,51.5284
25.27124649,51.53665077
25.35029695,51.53041185
25.267281,51.530976
25.267281,51.530976
25.2835,51.5284
25.26558713,51.41221053
25.267281,51.530976
25.267281,51.530976
25.97633556,51.04538382
25.267281,51.530976
25.267281,51.530976
25.17552307,51.43452899
25.17480138,51.57422051
25.267281,51.530976
25.267281,51.530976
25.17480138,51.57422051
25.2835,51.5284
25.267281,51.530976
25.267281,51.530976
25.283,51.533
25.267281,51.530976
25.267281,51.530976
25.20926679,51.59008548
25.22678193,51.58244413
25.2835,51.5284
25.267281,51.530976
25.267281,51.530976
25.2835,51.5284
25.2835,51.5284
25.28645125,51.52422519
25.22872534,51.408839
25.22872534,51.408839
25.2835,51.5284
25.22872534,51.408839
26.22595834,50.58870768
26.12972824,50.57429262
25.267164,51.531339
25.267164,51.531339
26.2022918,50.5965209
25.29027144,51.53890047
25.4169,51.4578
25.267164,51.531339
25.267164,51.531339
25.3246857,51.5281144
26.15422896,50.5686141
25.27767856,51.52409602
25.2835,51.5284
25.280512,51.4818048
25.323638,51.526572
25.323638,51.526572
25.22872534,51.408839
25.2835,51.5284
25.2835,51.5284
25.2835,51.5284
25.26176551,51.50901503
25.354826,51.183884
25.2835,51.5284
25.36962334,51.54646008
25.28144149,51.501807
25.3373792,51.4096816
24.6510499,51.42807324
25.2854473,51.5310398
25.269535,51.212767
25.29468756,51.52889203
25.32093244,51.52908713
25.3207349,51.52751091
25.32719825,51.53687423
25.1846051,51.5676033
25.1846051,51.5676033
25.1846051,51.5676033
25.1846051,51.5676033
25.32475809,51.5399766
25.323644,51.526585
25.323644,51.526585
26.2287864,50.6532269
25.1846051,51.5676033
25.1846051,51.5676033
25.2835,51.5284
25.2854473,51.5310398
25.2835,51.5284
25.269535,51.212767
25.1846051,51.5676033
25.1846051,51.5676033
25.3243959,51.5392503
25.25768,51.55334
25.1846051,51.5676033
25.1846051,51.5676033
26.2363322,50.59272299
26.2363322,50.59272299
26.2208,50.5849
25.1846051,51.5676033
25.1846051,51.5676033
25.17552307,51.43452899
25.2835,51.5284
25.2835,51.5284
25.1846051,51.5676033
25.1846051,51.5676033
25.22678193,51.58244413
25.23386021,51.57467008
25.22376538,51.58033225
25.22809,51.577977
25.23854958,51.58504939
25.22561755,51.58909879
25.1846051,51.5676033
25.1846051,51.5676033
25.22872534,51.408839
26.22536136,50.58972082
25.41694304,50.77913654
26.213,50.6016
26.14090742,50.5873529
25.1846051,51.5676033
25.1846051,51.5676033
25.34475773,51.44056698
25.1846051,51.5676033
25.1846051,51.5676033
25.276932,51.491371
25.276932,51.491371
25.36148042,51.52329688
25.1846051,51.5676033
25.1846051,51.5676033
26.2208,50.5849
26.213,50.6016
25.17552307,51.43452899
26.2095477,50.5831565
25.290946,51.502624
25.290946,51.502624
25.2867,51.5333
25.2867,51.5333
25.2835,51.5284
25.36411,51.531418
25.37760444,51.42076798
25.2835,51.5284
25.2694041,51.53543354
25.22872534,51.408839
25.22872534,51.408839
25.2835,51.5284
25.35945016,51.52582693
25.269535,51.212767
25.269535,51.212767
25.2835,51.5284
25.26724,51.531121
25.26724,51.531121
25.17552307,51.43452899
25.26717,51.531334
25.26717,51.531334
25.2835,51.5284
25.26743597,51.49664607
25.391853,51.525958
25.337438,51.480295
25.267205,51.531291
25.267205,51.531291
25.17552307,51.43452899
25.17695695,51.48407339
25.37849147,51.49921787
25.5747,51.4864
25.2835,51.5284
25.175028,51.573389
25.15976252,51.57410502
25.267293,51.530977
25.267293,51.530977
25.2854473,51.5310398
25.34695009,51.52306883
25.26558713,51.41221053
25.2835,51.5284
25.2835,51.5284
25.2835,51.5284
25.17552307,51.43452899
25.17552307,51.43452899
25.17552307,51.43452899
25.2835,51.5284
25.22872534,51.408839
25.2835,51.5284
25.17552307,51.43452899
25.17552307,51.43452899
25.1149594,51.3448006
25.16339577,51.45053117
25.2835,51.5284
25.26713478,51.48397207
25.2835,51.5284
25.25577804,51.55741644
25.26713478,51.48397207
25.26713478,51.48397207
25.26713478,51.48397207
25.29016386,51.54248194
25.241153,51.5546071
25.2867,51.5333
25.17552307,51.43452899
25.17552307,51.43452899
26.2733,50.6503
26.27603149,50.65651398
26.27603149,50.65651398
26.27603149,50.65651398
26.27603149,50.65651398
26.27603149,50.65651398
25.17552307,51.43452899
25.18059867,51.60286243
25.178951,51.596783
25.32091569,51.52925763
25.36962334,51.54646008
25.26558713,51.41221053
25.2835,51.5284
26.2208,50.5849
25.2707205,51.5377987
25.17552307,51.43452899
25.17552307,51.43452899
25.335114,51.445504
25.34695009,51.52306883
25.36962334,51.54646008
25.2835,51.5284
25.2835,51.5284
25.2835,51.5284
25.2835,51.5284
25.2835,51.5284
25.2835,51.5284
25.17552307,51.43452899
25.31831467,51.53612289
26.2494,50.6387
25.2835,51.5284
24.90566667,51.52573449
25.2835,51.5284
25.17552307,51.43452899
26.2208,50.5849
26.2208,50.5849
25.29008746,51.54274941
26.22667479,50.61216306
25.31831467,51.53612289
24.86057407,51.51599073
25.2835,51.5284
25.2835,51.5284
25.22872534,51.408839
25.2835,51.5284
25.1846051,51.5676033
25.1846051,51.5676033
26.22595834,50.58870768
26.22595834,50.58870768
25.26860907,51.54966876
25.280512,51.4818048
25.280512,51.4818048
25.180088,51.578064
25.280512,51.4818048
25.280512,51.4818048
25.26044481,51.56461
25.22379012,51.49859479
25.280512,51.4818048
25.280512,51.4818048
25.1846051,51.5676033
25.1846051,51.5676033
26.26059247,50.61516626
24.904343,51.538066
24.904343,51.538066
25.1846051,51.5676033
25.1846051,51.5676033
25.1846051,51.5676033
25.1846051,51.5676033
25.2835,51.5284
25.32830271,51.45838058
25.241153,51.5546071
25.22872534,51.408839
25.2835,51.5284
25.22872534,51.408839
25.290267,51.544557
26.213,50.6016
25.26236227,51.61258298
25.1846051,51.5676033
25.1846051,51.5676033
25.280512,51.4818048
25.280512,51.4818048
25.280512,51.4818048
25.280512,51.4818048
25.1846051,51.5676033
25.1846051,51.5676033
25.2835,51.5284
25.2835,51.5284
25.269535,51.212767
25.29139559,51.53720319
25.26850522,51.5400114
26.2208,50.5849
26.2208,50.5849
26.2208,50.5849
25.2854473,51.5310398
25.97524414,51.40112802
25.1846051,51.5676033
25.1846051,51.5676033
25.2707205,51.5377987
25.84820266,50.60700404
25.26710701,51.51846678
26.2533649,50.6127291
25.36478167,51.43177141
25.2739871,51.54146968
25.60960197,50.84270859
25.1846051,51.5676033
25.1846051,51.5676033
25.2835,51.5284
26.2208,50.5849
25.2782642,51.5465641
25.2782642,51.5465641
25.26236227,51.61258298
25.36962334,51.54646008
25.2782642,51.5465641
25.2782642,51.5465641
25.2835,51.5284
25.26778482,51.53680954
25.2835,51.5284
25.2835,51.5284
25.22872534,51.408839
25.22872534,51.408839
25.2835,51.5284
25.27872849,51.5084328
26.22536136,50.58972082
25.17552307,51.43452899
26.1333,51.2167
25.28527702,51.52991165
26.1498,50.5829
24.86253453,51.51921477
25.3138281,51.4913579
25.2835,51.5284
25.49794069,51.40775702
25.4697,51.3975
25.2835,51.5284
25.49794069,51.40775702
25.2835,51.5284
25.17552307,51.43452899
25.26236227,51.61258298
26.22463944,50.58217049
26.26966933,50.62599027
25.275592,51.540332
25.21394441,51.58094083
25.2177721,51.58541938
25.34475773,51.44056698
25.2835,51.5284
25.2835,51.5284
25.2835,51.5284
26.2208,50.5849
25.2835,51.5284
25.2835,51.5284
25.2804,51.5225
25.22872534,51.408839
25.22872534,51.408839
25.22872534,51.408839
25.2707205,51.5377987
25.7053,51.4785
25.3674592,51.56048586
26.23958194,50.58883923
25.2835,51.5284
25.241153,51.5546071
26.2208,50.5849
25.2835,51.5284
25.2835,51.5284
25.22872534,51.408839
25.2782642,51.5465641
25.2782642,51.5465641
25.241153,51.5546071
25.35480141,51.43722214
25.26713478,51.48397207
25.26713478,51.48397207
25.26713478,51.48397207
25.2835,51.5284
26.2208,50.5849
25.2835,51.5284
25.2835,51.5284
25.2835,51.5284
25.26703508,51.51479376
26.2208,50.5849
25.2782642,51.5465641
25.2782642,51.5465641
25.241153,51.5546071
26.2208,50.5849
25.2948,51.5082
25.29736442,51.55059459
25.223506,51.550889
25.220623,51.542844
26.2208,50.5849
25.2782642,51.5465641
25.2782642,51.5465641
25.2782642,51.5465641
25.2782642,51.5465641
25.2854473,51.5310398
25.2782642,51.5465641
25.2782642,51.5465641
25.269535,51.212767
26.2208,50.5849
25.15891946,51.60689002
25.32091569,51.52925763
25.17480138,51.57422051
26.2208,50.5849
25.2782642,51.5465641
25.2782642,51.5465641
25.26710701,51.51846678
25.2835,51.5284
25.2835,51.5284
25.2835,51.5284
25.37633975,51.52539565
25.37564117,51.52429315
25.31800825,51.44144297
25.2782642,51.5465641
25.2782642,51.5465641
25.29486587,51.53921217
26.2456,50.6542
25.33255,51.49755478
25.2835,51.5284
25.30284125,51.47532846
25.6839,51.5058
26.14090742,50.5873529
26.14090742,50.5873529
26.14090742,50.5873529
25.2835,51.5284
25.2835,51.5284
25.27663,51.49513
26.1498,50.5829
26.2208,50.5849
26.2208,50.5849
26.2208,50.5849
25.269535,51.212767
26.213,50.6016
26.213,50.6016
26.213,50.6016
26.213,50.6016
26.2208,50.5849
25.22872534,51.408839
25.2835,51.5284
25.17552307,51.43452899
25.17552307,51.43452899
25.17552307,51.43452899
26.15019065,50.56984972
26.213,50.6016
25.26197893,51.61329242
25.261835,51.612865
25.27632136,51.54777992
25.2835,51.5284
26.22538346,50.59013427
25.269535,51.212767
26.2127622,50.57099104
26.22439888,50.60922734
26.224167,50.610119
26.251,50.6165
25.2835,51.5284
25.22872534,51.408839
25.31218612,51.49852489
25.22872534,51.408839
25.1846051,51.5676033
25.1846051,51.5676033
25.23816224,51.54662138
25.23548556,51.56238142
25.25190755,51.53916661
25.2519642,51.53841195
25.25373447,51.53691973
25.25419319,51.53350795
25.258474,51.536586
26.2363322,50.59272299
25.25428967,51.53384684
25.25476607,51.53505187
25.25372102,51.53708458
25.253847,51.531728
25.24547956,51.46444559
25.2854473,51.5310398
26.2208,50.5849
26.2208,50.5849
25.1846051,51.5676033
25.1846051,51.5676033
25.269535,51.212767
26.21438441,50.59200269
25.31465406,51.44194779
25.17480138,51.57422051
25.2854473,51.5310398
26.29111111,50.66527778
26.0887496,50.60809525
25.1846051,51.5676033
25.1846051,51.5676033
26.21558607,50.58694421
25.27472338,51.52282589
25.1846051,51.5676033
25.1846051,51.5676033
25.2854473,51.5310398
25.2835,51.5284
25.22872534,51.408839
25.1846051,51.5676033
25.1846051,51.5676033
25.17552307,51.43452899
25.17552307,51.43452899
25.17552307,51.43452899
25.17552307,51.43452899
25.17552307,51.43452899
25.2835,51.5284
25.22872534,51.408839
25.22872534,51.408839
25.1846051,51.5676033
25.1846051,51.5676033
25.28619337,51.52926833
26.2208,50.5849
25.1846051,51.5676033
25.1846051,51.5676033
25.2835,51.5284
25.2835,51.5284
25.2835,51.5284
25.374664,51.539051
25.1846051,51.5676033
25.1846051,51.5676033
26.26059247,50.61516626
25.2948,51.5082
26.2363322,50.59272299
26.26059247,50.61516626
25.14900719,51.59804945
26.2029,50.597
25.2835,51.5284
25.28636129,51.53235541
26.22463944,50.58217049
25.42441305,51.43549492
25.297083,51.55111
25.29468756,51.52889203
25.29565158,51.5443325
25.33207862,51.49729635
26.26059247,50.61516626
25.269535,51.212767
25.2835,51.5284
26.213,50.6016
25.2835,51.5284
25.26772068,51.54487549
25.26772068,51.54487549
25.2835,51.5284
25.36469156,51.51394758
25.16920028,51.59839771
25.25768,51.55334
25.2835,51.5284
25.2835,51.5284
25.16882163,51.60724602
25.3543,51.4651
25.17528,51.56902
25.2835,51.5284
25.29486587,51.53921217
25.2835,51.5284
25.31058882,51.51823997
25.1149594,51.3448006
25.37599996,51.54975057
25.1768,51.605
25.1768,51.605
25.1768,51.605
25.2835,51.5284
26.22391756,50.59280205
25.22872534,51.408839
25.21488107,51.58115387
25.25223956,51.55458417
26.22536136,50.58972082
25.42441305,51.43549492
25.2854473,51.5310398
25.2835,51.5284
25.22872534,51.408839
25.26713478,51.48397207
25.26713478,51.48397207
25.34475773,51.44056698
25.1846051,51.5676033
25.1846051,51.5676033
26.251,50.6165
25.25214853,51.41326904
25.2835,51.5284
25.2854473,51.5310398
25.2869394,51.5049671
26.26059247,50.61516626
25.26270072,51.61311597
26.26059247,50.61516626
26.26059247,50.61516626
25.1846051,51.5676033
25.1846051,51.5676033
26.2533649,50.6127291
25.2835,51.5284
26.16666667,50.58333333
25.2835,51.5284
26.14090742,50.5873529
25.25223956,51.55458417
25.1846051,51.5676033
25.1846051,51.5676033
25.1846051,51.5676033
25.21289444,51.57578278
25.2854473,51.5310398
25.22872534,51.408839
25.17552307,51.43452899
25.2834,51.5293
25.1846051,51.5676033
25.1846051,51.5676033
25.26713478,51.48397207
25.26713478,51.48397207
25.26713478,51.48397207
25.26713478,51.48397207
25.29468756,51.52889203
25.319096,51.533029
25.32093244,51.52908713
25.32617439,51.5322859
26.2363322,50.59272299
26.2208,50.5849
26.2363322,50.59272299
25.269535,51.212767
26.19511897,50.70784932
26.2208,50.5849
25.27500941,51.52701289
25.27449424,51.53007468
25.29468756,51.52889203
25.59516517,51.40440463
25.31848216,51.47655526
25.27841762,51.54535246
25.28333,51.53333
25.2761157,51.53929499
25.2739871,51.54146968
26.2494,50.6387
25.31058882,51.51823997
25.26197893,51.61329242
25.28645125,51.52422519
25.32602928,51.52946708
25.3288845,51.5302888
25.32537157,51.52942223
25.326598,51.531173
25.32550068,51.52929764
25.2854473,51.5310398
26.22442977,50.59421913
25.269535,51.212767
25.2835,51.5284
25.269535,51.212767
25.269535,51.212767
25.32719825,51.53687423
25.2835,51.5284
26.16314747,50.6196545
25.27833333,51.54138889
25.2835,51.5284
25.2835,51.5284
25.269535,51.212767
25.2835,51.5284
25.2835,51.5284
25.2835,51.5284
25.26710701,51.51846678
25.2835,51.5284
25.27960621,51.50309987
26.213,50.6016
25.4169,51.4039
25.2835,51.5284
25.17480138,51.57422051
25.909602,51.528166
25.909602,51.528166
25.33239964,51.46276424
25.17480138,51.57422051
25.37061,51.53957
25.269535,51.212767
25.1846051,51.5676033
25.1846051,51.5676033
25.269535,51.212767
25.2835,51.5284
25.2867,51.5333
25.1846051,51.5676033
25.1846051,51.5676033
25.32224634,51.53072834
26.2465814,50.57716225
25.29139559,51.53720319
25.1846051,51.5676033
25.1846051,51.5676033
25.34434773,51.46948573
25.1846051,51.5676033
25.1846051,51.5676033
25.1149594,51.3448006
25.2707205,51.5377987
25.28523975,51.51820588
25.269535,51.212767
26.22595834,50.58870768
26.25506612,50.60822457
26.251,50.6165
25.269535,51.212767
25.2835,51.5284
25.38358215,51.44352745
25.22872534,51.408839
25.2835,51.5284
25.2854473,51.5310398
25.40240067,51.5119945
25.26713478,51.48397207
25.2854473,51.5310398
25.2835,51.5284
25.18690418,51.61792209
25.17552307,51.43452899
25.24547956,51.46444559
25.17552307,51.43452899
25.17552307,51.43452899
25.37474462,51.54014558
25.28713459,51.52703762
25.2835,51.5284
25.2835,51.5284
26.2363322,50.59272299
25.2835,51.5284
25.241354,51.487333
26.14090742,50.5873529
25.41033751,51.43221803
25.328093,51.533073
25.32864102,51.53431923
25.32958692,51.53404159
25.326598,51.531173
25.325163,51.533606
25.25809925,51.43885411
25.2835,51.5284
25.33778295,51.4815802
25.2835,51.5284
25.30284125,51.47532846
25.222649,51.55067
25.222619,51.550872
25.220623,51.542844
25.223506,51.550889
26.25,50.58
26.16314747,50.6196545
25.23238333,51.56085333
25.23738464,51.30985993
25.2835,51.5284
25.269535,51.212767
25.2835,51.5284
25.2835,51.5284
25.2835,51.5284
25.35921251,51.52620469
26.264848,50.630571
25.17552307,51.43452899
26.21509275,50.6070342
25.2835,51.5284
26.213,50.6016
25.26270072,51.61311597
25.22872534,51.408839
25.2835,51.5284
25.26270072,51.61311597
25.36962334,51.54646008
25.2835,51.5284
26.224167,50.610119
26.2208,50.5849
25.26270072,51.61311597
25.269535,51.212767
25.269535,51.212767
25.2835,51.5284
25.36521924,51.56062785
25.2835,51.5284
26.251,50.6165
25.1846051,51.5676033
25.1846051,51.5676033
25.2854473,51.5310398
26.23608316,50.58074812
25.269535,51.212767
25.2835,51.5284
25.40411203,51.20526871
25.2835,51.5284
25.34434773,51.46948573
25.2835,51.5284
26.26645122,50.62443536
25.3284,51.4924
25.39191214,51.52681042
25.241153,51.5546071
26.26645122,50.62443536
26.26645122,50.62443536
26.2208,50.5849
25.34434773,51.46948573
25.1846051,51.5676033
25.1846051,51.5676033
25.2835,51.5284
25.2854473,51.5310398
25.269535,51.212767
25.23854958,51.58504939
25.1846051,51.5676033
25.1846051,51.5676033
25.269535,51.212767
25.269535,51.212767
25.2707205,51.5377987
25.32919,51.528873
25.2835,51.5284
25.17552307,51.43452899
25.26211429,51.61261897
25.2739871,51.54146968
25.27529481,51.54154421
25.2763565,51.5397212
25.274048,51.538932
25.276107,51.539659
25.22872534,51.408839
25.269535,51.212767
25.32091569,51.52925763
26.2208,50.5849
26.2265342,50.5947171
25.42600531,51.49936203
25.349992,51.52813
26.2208,50.5849
26.26039622,50.60945104
25.36158462,51.52254224
25.39191214,51.52681042
26.22523432,50.58518647
25.2867,51.5333
25.28645125,51.52422519
25.2917,51.4242
25.17552307,51.43452899
25.2835,51.5284
25.36962334,51.54646008
25.1846051,51.5676033
25.1846051,51.5676033
25.27124649,51.53665077
25.22872534,51.408839
25.1846051,51.5676033
25.1846051,51.5676033
25.2835,51.5284
25.26211429,51.61261897
25.1846051,51.5676033
25.1846051,51.5676033
25.269535,51.212767
26.22595834,50.58870768
26.22595834,50.58870768
25.1149594,51.3448006
26.22455752,50.61059487
25.32617484,51.54020533
25.32627,51.540344
25.26222362,51.61213976
25.2854473,51.5310398
25.2835,51.5284
25.30087,51.51738
26.2208,50.5849
26.2208,50.5849
25.2854473,51.5310398
25.2835,51.5284
25.2835,51.5284
25.2835,51.5284
25.2835,51.5284
25.2835,51.5284
25.32421514,51.53907802
25.22872534,51.408839
25.17552307,51.43452899
25.26270072,51.61311597
25.2835,51.5284
25.32886321,51.53032279
25.29725403,51.64586695
25.2835,51.5284
25.2835,51.5284
25.2835,51.5284
25.2835,51.5284
25.2835,51.5284
25.2835,51.5284
25.2835,51.5284
25.2835,51.5284
25.2835,51.5284
25.1846051,51.5676033
25.1846051,51.5676033
25.32123,51.489585
25.2835,51.5284
26.2208,50.5849
25.29736442,51.55059459
25.1768,51.605
25.2903073,51.50431949
24.904343,51.538066
25.36962334,51.54646008
26.27603149,50.65651398
25.366524,51.550674
25.269535,51.212767
25.36962334,51.54646008
25.2835,51.5284
26.20537401,50.58361631
25.17552307,51.43452899
25.2835,51.5284
26.26553945,50.66025724
25.269535,51.212767
25.2835,51.5284
25.2835,51.5284
25.2835,51.5284
25.2835,51.5284
25.2835,51.5284
25.2835,51.5284
25.2835,51.5284
25.2835,51.5284
25.2835,51.5284
25.2835,51.5284
25.2835,51.5284
25.2835,51.5284
25.2835,51.5284
25.2835,51.5284
25.2835,51.5284
25.2835,51.5284
25.2835,51.5284
25.2835,51.5284
25.1219,51.2183
25.269535,51.212767
25.269535,51.212767
25.20235165,51.45526071
25.269535,51.212767
25.269535,51.212767
26.26553945,50.66025724
26.2260866,50.5881346
25.36962334,51.54646008
25.241153,51.5546071
26.26882674,50.67233562
26.26882674,50.67233562
25.2835,51.5284
25.4231,51.519
25.2855,51.5237
26.27603149,50.65651398
25.2835,51.5284
25.4231,51.519
25.2835,51.5284
25.1149594,51.3448006
25.3243959,51.5392503
25.31244537,51.49457798
26.2208,50.5849
25.2835,51.5284
25.57631059,51.48290801
25.241153,51.5546071
25.4231,51.519
25.2835,51.5284
25.42441305,51.43549492
25.34475773,51.44056698
25.2835,51.5284
25.2835,51.5284
25.2835,51.5284
25.2835,51.5284
25.2835,51.5284
25.2835,51.5284
25.26211429,51.61261897
25.241153,51.5546071
25.2835,51.5284
25.17558217,51.56792355
25.2835,51.5284
25.2835,51.5284
25.2835,51.5284
25.26211429,51.61261897
25.28698844,51.53315365
25.4697,51.3975
26.14090742,50.5873529
25.269535,51.212767
26.22391756,50.59280205
25.17552307,51.43452899
25.17552307,51.43452899
25.37108741,51.47060723
25.17552307,51.43452899
25.2689,51.5334
25.37108741,51.47060723
25.2835,51.5284
25.17552307,51.43452899
25.2835,51.5284
25.25715437,51.5510524
26.26059247,50.61516626
25.2835,51.5284
25.17552307,51.43452899
25.17552307,51.43452899
25.17552307,51.43452899
25.26713478,51.48397207
25.26713478,51.48397207
25.26713478,51.48397207
25.286892,51.531585
26.2127622,50.57099104
25.2835,51.5284
25.17552307,51.43452899
25.17552307,51.43452899
25.33274052,51.49698141
26.22595834,50.58870768
25.269535,51.212767
25.33274052,51.49698141
25.28789929,51.53257858
25.28300443,51.52391192
25.28744,51.530561
25.28291,51.523732
26.2208,50.5849
25.22619353,51.45688534
26.14090742,50.5873529
25.27449424,51.53007468
25.29468756,51.52889203
25.27306918,51.52753257
25.27182337,51.52898294
25.27584175,51.53870445
25.271854,51.52931
25.2835,51.5284
25.2917,51.4242
26.21558607,50.58694421
25.22872534,51.408839
25.17552307,51.43452899
25.27210845,51.53027122
25.21267527,51.52192271
26.2208,50.5849
26.25354457,50.60910245
25.36951882,51.47459972
25.269535,51.212767
25.1846051,51.5676033
25.1846051,51.5676033
26.26983625,50.62640694
26.251,50.6165
26.2208,50.5849
25.1846051,51.5676033
25.1846051,51.5676033
25.1846051,51.5676033
25.1846051,51.5676033
25.26994462,51.48981854
25.3008,51.3948
25.1846051,51.5676033
25.1846051,51.5676033
25.26744002,51.55908855
26.22036368,50.60434324
25.2835,51.5284
25.2854473,51.5310398
25.1846051,51.5676033
25.1846051,51.5676033
25.26468491,51.52592182
25.37940761,51.5318305
25.36962334,51.54646008
26.2208,50.5849
26.11565148,50.57400933
25.2854473,51.5310398
25.26313789,51.61266302
26.213,50.6016
25.1846051,51.5676033
25.1846051,51.5676033
26.21509275,50.6070342
25.1846051,51.5676033
25.1846051,51.5676033
26.2208,50.5849
25.1149594,51.3448006
25.36091401,51.52741047
25.26994462,51.48981854
25.2835,51.5284
25.26044481,51.56461
25.1846051,51.5676033
25.1846051,51.5676033
26.27603149,50.65651398
25.2835,51.5284
25.176471,51.481488
25.32091569,51.52925763
25.28645125,51.52422519
25.2835,51.5284
25.269535,51.212767
26.2208,50.5849
25.2835,51.5284
26.2477848,50.58603243
25.2835,51.5284
26.14090742,50.5873529
26.2208,50.5849
25.2835,51.5284
25.2835,51.5284
25.2739871,51.54146968
26.264848,50.630571
25.17552307,51.43452899
26.251,50.6165
26.2208,50.5849
25.30087,51.51738
25.26713478,51.48397207
26.2208,50.5849
25.26713478,51.48397207
25.269535,51.212767
26.2208,50.5849
25.2835,51.5284
26.2208,50.5849
25.2835,51.5284
25.2835,51.5284
25.2835,51.5284
25.272406,51.543654
25.27040339,51.54604141
25.27270473,51.54478126
26.2208,50.5849
25.34475773,51.44056698
25.34475773,51.44056698
25.22872534,51.408839
25.28527702,51.52991165
25.2835,51.5284
25.2835,51.5284
25.269535,51.212767
25.17552307,51.43452899
26.14598843,50.57826333
26.2208,50.5849
26.251,50.6165
25.1846051,51.5676033
25.1846051,51.5676033
26.2208,50.5849
26.2208,50.5849
25.2867,51.5333
26.21558607,50.58694421
26.21558607,50.58694421
26.2208,50.5849
25.1846051,51.5676033
25.1846051,51.5676033
26.24725373,50.58161986
25.3262403,51.52443589
25.2854473,51.5310398
25.29027144,51.53890047
25.2835,51.5284
25.20235165,51.45526071
25.27124649,51.53665077
26.215439,50.59233135
25.33454918,51.50944521
26.21558607,50.58694421
25.25148825,51.46190505
25.22872534,51.408839
25.2481406,51.5544428
25.1846051,51.5676033
25.1846051,51.5676033
25.2835,51.5284
25.21920385,51.49622658
25.2854473,51.5310398
26.2208,50.5849
25.44088518,51.44907587
26.21558607,50.58694421
25.269535,51.212767
25.2835,51.5284
26.2208,50.5849
26.2208,50.5849
26.2208,50.5849
25.1846051,51.5676033
25.1846051,51.5676033
25.2835,51.5284
25.26270072,51.61311597
25.2854473,51.5310398
25.269535,51.212767
25.269535,51.212767
25.269535,51.212767
25.269535,51.212767
25.269535,51.212767
25.269535,51.212767
25.269535,51.212767
25.269535,51.212767
25.269535,51.212767
25.269535,51.212767
25.37633975,51.52539565
25.3767524,51.52535457
26.25,50.58
25.17552307,51.43452899
25.17552307,51.43452899
25.17552307,51.43452899
25.17552307,51.43452899
25.17552307,51.43452899
25.2854473,51.5310398
25.32091569,51.52925763
25.27110279,51.44302237
26.26976412,50.75340095
25.21022633,51.57563292
25.21024,51.575602
25.212542,51.5790631
26.26281142,50.60136457
25.2835,51.5284
25.2835,51.5284
25.2835,51.5284
25.269535,51.212767
25.2854473,51.5310398
26.27603149,50.65651398
26.27603149,50.65651398
26.27603149,50.65651398
26.27603149,50.65651398
25.17552307,51.43452899
25.28647494,51.52595401
25.28647494,51.52595401
26.213,50.6016
25.17552307,51.43452899
26.24023008,50.57916641
26.213,50.6016
26.2208,50.5849
25.2835,51.5284
26.2208,50.5849
25.26778482,51.53680954
25.1768,51.605
25.26786067,51.5153065
25.26791,51.515294
25.267387,51.515266
25.267813,51.515568
25.268149,51.515006
25.26795862,51.51505647
25.2835,51.5284
25.2835,51.5284
26.21309149,50.61898541
25.33454918,51.50944521
25.27124649,51.53665077
25.27124649,51.53665077
25.22972222,51.54583333
25.2689,51.5334
26.213,50.6016
26.213,50.6016
26.213,50.6016
26.213,50.6016
25.2835,51.5284
26.213,50.6016
26.213,50.6016
26.213,50.6016
26.213,50.6016
25.2241064,51.47311745
25.17552307,51.43452899
25.17552307,51.43452899
25.17552307,51.43452899
25.2507998,51.5561927
25.3262403,51.52443589
25.34475773,51.44056698
25.1846051,51.5676033
25.1846051,51.5676033
26.22595834,50.58870768
25.2835,51.5284
26.2127622,50.57099104
25.2835,51.5284
25.2835,51.5284
25.2835,51.5284
25.2835,51.5284
25.2835,51.5284
25.2835,51.5284
25.1846051,51.5676033
25.1846051,51.5676033
26.2208,50.5849
26.2208,50.5849
25.27841762,51.54535246
25.1846051,51.5676033
25.1846051,51.5676033
25.27124649,51.53665077
25.33454918,51.50944521
25.2707205,51.5377987
25.26237567,51.51369095
25.2684663,51.41233775
25.36962334,51.54646008
25.2835,51.5284
25.28698844,51.53315365
25.28698844,51.53315365
25.28645125,51.52422519
25.28548545,51.53059959
25.29468756,51.52889203
25.32806499,51.53656483
25.32806499,51.53656483
25.36962334,51.54646008
25.2835,51.5284
25.36962334,51.54646008
25.1149594,51.3448006
25.28702784,51.54512333
25.316935,51.499692
25.32806499,51.53656483
25.31814712,51.52287234
25.31814712,51.52287234
25.31308288,51.43763105
25.183,51.4249
26.2208,50.5849
26.217,50.583
25.1846051,51.5676033
25.1846051,51.5676033
26.2208,50.5849
26.2208,50.5849
26.2208,50.5849
25.1149594,51.3448006
26.21558607,50.58694421
26.21558607,50.58694421
25.1846051,51.5676033
25.34434773,51.46948573
25.3202189,51.53862422
25.31058882,51.51823997
25.2835,51.5284
25.2835,51.5284
25.26377286,51.44103527
26.213,50.6016
26.213,50.6016
26.213,50.6016
26.213,50.6016
26.21558607,50.58694421
26.213,50.6016
26.213,50.6016
25.36085751,51.5239048
25.32091569,51.52925763
25.2835,51.5284
25.39006838,51.53016535
25.2835,51.5284
25.2835,51.5284
25.2835,51.5284
25.2835,51.5284
25.2835,51.5284
25.2835,51.5284
25.36625313,51.54681385
25.32147972,51.3375081
26.213,50.6016
26.213,50.6016
26.213,50.6016
25.2835,51.5284
26.213,50.6016
26.213,50.6016
26.2733,50.6503
25.269535,51.212767
25.2739871,51.54146968
25.27529481,51.54154421
25.275592,51.540332
25.27364068,51.54162536
26.14090742,50.5873529
25.26558713,51.41221053
25.26237567,51.51369095
26.2208,50.5849
25.26481902,51.46960598
25.2890562,51.5396265
25.2835,51.5284
25.17552307,51.43452899
25.17552307,51.43452899
25.17552307,51.43452899
25.2835,51.5284
26.2208,50.5849
25.17552307,51.43452899
25.17552307,51.43452899
25.32990874,51.52634029
26.251,50.6165
26.2208,50.5849
25.1846051,51.5676033
25.1846051,51.5676033
25.2707205,51.5377987
26.2208,50.5849
26.2208,50.5849
26.2208,50.5849
25.2867,51.5333
25.87786358,51.35121283
25.1846051,51.5676033
25.1846051,51.5676033
25.2854473,51.5310398
26.19511897,50.70784932
25.2835,51.5284
25.20235165,51.45526071
25.2835,51.5284
25.1846051,51.5676033
25.1846051,51.5676033
25.17552307,51.43452899
25.17552307,51.43452899
25.2835,51.5284
25.22872534,51.408839
25.2835,51.5284
25.2835,51.5284
25.2835,51.5284
26.2208,50.5849
25.2835,51.5284
25.241153,51.5546071
25.25458957,51.56327525
25.25353512,51.56375813
25.25366799,51.56373873
25.26975205,51.556428
25.254361,51.563298
25.25426485,51.56343964
25.25640068,51.56204239
25.17552307,51.43452899
25.28645125,51.52422519
25.28647494,51.52595401
25.285588,51.525796
25.2835,51.5284
25.2835,51.5284
26.213,50.6016
25.273423,51.541072
25.27351926,51.54125664
25.27724166,51.53731156
25.272655,51.529272
25.2799341,51.53699107
25.27469606,51.54108717
25.27040339,51.54604141
26.213,50.6016
26.213,50.6016
26.213,50.6016
26.2208,50.5849
25.16181898,51.4229357
25.37950644,51.53179318
25.37736516,51.52364198
26.2208,50.5849
25.2854473,51.5310398
26.213,50.6016
25.1846051,51.5676033
25.1846051,51.5676033
25.17552307,51.43452899
25.26713478,51.48397207
26.1498,50.5829
25.33207862,51.49729635
26.213,50.6016
26.213,50.6016
25.22872534,51.408839
25.2835,51.5284
25.250342,51.523932
25.24863,51.523973
25.2545086,51.51893219
25.2469,51.52402
25.2835,51.5284
26.213,50.6016
25.25421416,51.53586647
25.25476607,51.53505187
25.254033,51.533496
25.25372102,51.53708458
25.25373447,51.53691973
25.2835,51.5284
25.2835,51.5284
25.2835,51.5284
25.2835,51.5284
25.2835,51.5284
25.2835,51.5284
25.17552307,51.43452899
25.2867,51.5333
25.384554,51.44105
26.213,50.6016
25.2835,51.5284
26.213,50.6016
26.213,50.6016
26.213,50.6016
26.213,50.6016
26.213,50.6016
26.213,50.6016
25.17552307,51.43452899
25.17552307,51.43452899
26.213,50.6016
25.317242,51.505011
25.17552307,51.43452899
25.22872534,51.408839
25.36962334,51.54646008
26.2494,50.6387
25.2835,51.5284
25.17552307,51.43452899
25.17552307,51.43452899
25.17552307,51.43452899
25.2835,51.5284
25.2835,51.5284
25.2835,51.5284
25.2835,51.5284
25.2835,51.5284
25.2948,51.5082
25.2835,51.5284
25.17552307,51.43452899
26.213,50.6016
25.37760444,51.42076798
25.37760444,51.42076798
25.16181898,51.4229357
25.16181898,51.4229357
25.2835,51.5284
25.2835,51.5284
25.1846051,51.5676033
25.1846051,51.5676033
26.251,50.6165
25.32019035,51.52919412
26.14090742,50.5873529
25.269535,51.212767
25.28636129,51.53235541
26.25117363,50.63900775
26.25117363,50.63900775
25.36962334,51.54646008
25.1846051,51.5676033
25.1846051,51.5676033
25.27124649,51.53665077
25.33454918,51.50944521
25.22972222,51.54583333
25.241153,51.5546071
25.27124649,51.53665077
25.33454918,51.50944521
25.22972222,51.54583333
25.29725403,51.64586695
25.2835,51.5284
26.2208,50.5849
25.26468491,51.52592182
26.25,50.58
25.1149594,51.3448006
25.21098637,51.42662699
25.3262403,51.52443589
25.2835,51.5284
25.2835,51.5284
25.32640897,51.5404932
26.25,50.58
25.20235165,51.45526071
25.2835,51.5284
25.2835,51.5284
25.2835,51.5284
25.2835,51.5284
25.1846051,51.5676033
25.1846051,51.5676033
25.4231,51.519
25.2835,51.5284
25.2835,51.5284
25.2835,51.5284
25.2835,51.5284
25.2835,51.5284
25.2835,51.5284
25.2835,51.5284
25.2854473,51.5310398
26.23390265,50.57558835
25.1846051,51.5676033
25.1846051,51.5676033
25.269535,51.212767
25.25768,51.55334
25.17552307,51.43452899
25.17552307,51.43452899
25.17552307,51.43452899
25.17552307,51.43452899
25.17552307,51.43452899
26.2363322,50.59272299
25.17552307,51.43452899
26.2363322,50.59272299
25.39191214,51.52681042
25.29139559,51.53720319
25.2867,51.5333
25.26713478,51.48397207
25.26713478,51.48397207
25.26713478,51.48397207
25.269535,51.212767
25.26713478,51.48397207
25.17552307,51.43452899
26.2208,50.5849
26.13302495,50.61616651
25.34224363,51.4283547
25.2835,51.5284
25.36962334,51.54646008
26.213,50.6016
25.26217872,51.61320502
25.2835,51.5284
25.32150582,51.47809202
25.31811464,51.47012059
25.318462,51.470109
25.31938095,51.4702584
25.31753538,51.47076625
25.3189313,51.47003329
26.213,50.6016
25.27594563,51.50783651
25.2835,51.5284
25.2867,51.5333
25.15866715,51.59673214
25.269535,51.212767
25.269535,51.212767
25.2835,51.5284
25.2835,51.5284
26.20894833,50.59327232
26.2260866,50.5881346
25.1846051,51.5676033
25.1846051,51.5676033
25.2854473,51.5310398
25.10549737,51.28417969
25.269535,51.212767
25.269535,51.212767
25.1846051,51.5676033
25.1846051,51.5676033
26.21976625,50.61012611
25.22872534,51.408839
25.2840212,51.45797611
25.2835,51.5284
25.2835,51.5284
25.2835,51.5284
25.32627,51.540344
25.2854473,51.5310398
26.2733,50.6503
25.26377286,51.44103527
25.2835,51.5284
25.22872534,51.408839
25.2854473,51.5310398
25.29503,51.51908
25.2835,51.5284
25.4042343,50.75513005
25.2835,51.5284
25.35592417,51.52554731
26.213,50.6016
25.2835,51.5284
25.2854473,51.5310398
25.2835,51.5284
25.28713459,51.52703762
25.1846051,51.5676033
25.1846051,51.5676033
25.32410271,51.52831975
26.2208,50.5849
26.2208,50.5849
26.2208,50.5849
26.2208,50.5849
26.2208,50.5849
26.2208,50.5849
26.2208,50.5849
26.2208,50.5849
26.2208,50.5849
26.2208,50.5849
26.2208,50.5849
26.2208,50.5849
26.2208,50.5849
26.2208,50.5849
26.2208,50.5849
26.2208,50.5849
26.2208,50.5849
26.2208,50.5849
25.164344,51.597896
25.165885,51.597457
25.165403,51.597521
25.165405,51.597392
25.16814399,51.59751185
25.164507,51.597946
25.165003,51.597853
25.17552307,51.43452899
25.17552307,51.43452899
25.25968034,51.5156613
25.2835,51.5284
26.2208,50.5849
25.2707205,51.5377987
26.2208,50.5849
25.17552307,51.43452899
26.2029,50.597
25.2835,51.5284
25.22619353,51.45688534
25.17552307,51.43452899
26.21352354,50.57856179
25.20489293,51.50453174
26.2457,50.6544
25.24638889,51.47888889
25.31058882,51.51823997
25.3582449,51.4291344
25.2835,51.5284
25.2835,51.5284
25.2835,51.5284
25.2835,51.5284
25.2835,51.5284
25.2835,51.5284
25.2835,51.5284
25.2835,51.5284
25.36962334,51.54646008
25.1768,51.605
25.283,51.533
25.31856106,51.52158737
25.26217872,51.61320502
25.26217872,51.61320502
25.22872534,51.408839
25.26468491,51.52592182
25.20235165,51.45526071
26.21169129,50.6038657
25.1846051,51.5676033
25.1846051,51.5676033
26.2208,50.5849
25.2835,51.5284
25.26217872,51.61320502
25.2090873,51.43615428
25.2707205,51.5377987
25.1846051,51.5676033
25.1846051,51.5676033
25.32042909,51.51594966
25.29736442,51.55059459
26.26059247,50.61516626
25.22379012,51.49859479
25.2835,51.5284
25.26713478,51.48397207
25.269535,51.212767
25.26713478,51.48397207
25.2854473,51.5310398
25.29425,51.51967
25.26713478,51.48397207
25.29425,51.51967
25.35592417,51.52554731
25.29425,51.51967
25.29425,51.51967
25.29425,51.51967
25.29425,51.51967
25.29425,51.51967
25.27931443,51.60732696
25.16774734,51.550301
25.1768,51.605
25.269535,51.212767
25.29425,51.51967
25.29425,51.51967
25.29425,51.51967
25.29425,51.51967
25.29425,51.51967
25.29425,51.51967
26.21907374,50.57507914
25.185143,51.562679
25.28616385,51.53300988
25.18132209,51.56613473
25.1846051,51.5676033
25.1846051,51.5676033
25.2835,51.5284
25.31790282,51.5211535
25.2854473,51.5310398
25.16275191,51.59731654
25.15866715,51.59673214
25.31058882,51.51823997
25.28739955,51.54914171
26.2363322,50.59272299
25.28498585,51.5567404
26.2733,50.6503
25.316935,51.499692
25.36962334,51.54646008
25.2835,51.5284
26.2733,50.6503
25.2854473,51.5310398
25.32886321,51.53032279
25.18138165,51.56608525
25.2835,51.5284
25.22809,51.577977
25.23386021,51.57467008
25.23854958,51.58504939
25.28679933,51.53269024
25.2835,51.5284
26.2208,50.5849
25.32325493,51.52682304
26.2363322,50.59272299
25.36962334,51.54646008
25.269535,51.212767
25.32091569,51.52925763
25.30284125,51.47532846
25.2835,51.5284
25.2835,51.5284
25.2835,51.5284
25.2835,51.5284
25.27366829,51.49698639
25.2835,51.5284
25.2835,51.5284
25.2835,51.5284
25.2835,51.5284
25.2835,51.5284
25.22872534,51.408839
25.2835,51.5284
25.2835,51.5284
25.2835,51.5284
25.2835,51.5284
25.2835,51.5284
25.2835,51.5284
25.2835,51.5284
25.25223956,51.55458417
25.2835,51.5284
25.2835,51.5284
25.2835,51.5284
25.2835,51.5284
25.2835,51.5284
25.28645125,51.52422519
25.2835,51.5284
26.246327,50.585857
25.27529481,51.54154421
25.36962334,51.54646008
26.20803877,50.61205851
25.21962695,51.43978271
25.26558713,51.41221053
26.26983625,50.62640694
25.2835,51.5284
26.2208,50.5849
25.2835,51.5284
26.2208,50.5849
25.26558713,51.41221053
25.26558713,51.41221053
25.3582449,51.4291344
25.31058882,51.51823997
25.2835,51.5284
25.26558713,51.41221053
25.269535,51.212767
25.17552307,51.43452899
25.2835,51.5284
26.2208,50.5849
25.37760444,51.42076798
25.32091569,51.52925763
25.269535,51.212767
26.20894833,50.59327232
25.32867674,51.5300255
25.2835,51.5284
25.2835,51.5284
25.4231,51.519
25.269535,51.212767
25.26313789,51.61266302
26.21298872,50.57099152
25.3243959,51.5392503
25.27124649,51.53665077
25.33454918,51.50944521
25.269535,51.212767
25.1771,51.6047
26.25,50.58
25.3136,51.4902
25.1846051,51.5676033
25.1846051,51.5676033
25.2835,51.5284
25.2835,51.5284
26.21294772,50.57179125
25.28647494,51.52595401
25.2854473,51.5310398
25.29027144,51.53890047
25.269535,51.212767
25.36841106,51.43484814
25.1846051,51.5676033
25.1846051,51.5676033
25.290267,51.544557
25.2835,51.5284
25.2835,51.5284
25.359539,51.43558502
25.36962334,51.54646008
25.2854473,51.5310398
25.2707205,51.5377987
25.2689,51.5334
26.25506612,50.60822457
25.2707205,51.5377987
25.26,51.5473
25.25223956,51.55458417
26.2127622,50.57099104
25.2854473,51.5310398
25.31510349,51.49813562
25.37760444,51.42076798
25.35592417,51.52554731
25.269535,51.212767
25.20235165,51.45526071
26.2363322,50.59272299
25.258363,51.450701
25.1846051,51.5676033
25.1846051,51.5676033
25.2840212,51.45797611
25.2835,51.5284
25.26867655,51.55234522
25.1149594,51.3448006
25.17552307,51.43452899
26.25481813,50.63725224
25.32091569,51.52925763
25.17552307,51.43452899
25.32325493,51.52682304
25.2835,51.5284
25.2835,51.5284
25.22872534,51.408839
25.3288845,51.5302888
25.32884621,51.53055391
25.44611111,51.46861111
25.03182719,51.40522457
25.0669558,51.54991529
25.09498869,51.42680822
25.22872534,51.408839
25.25223956,51.55458417
26.14090742,50.5873529
25.28527702,51.52991165
26.255891,50.605956
25.25214853,51.41326904
26.21558607,50.58694421
25.27469606,51.54108717
25.273423,51.541072
25.276107,51.539659
25.27431679,51.54150391
25.27724166,51.53731156
25.2835,51.5284
26.251,50.6165
25.269535,51.212767
25.2835,51.5284
25.2835,51.5284
25.2835,51.5284
25.2835,51.5284
25.2835,51.5284
25.2835,51.5284
25.2835,51.5284
25.2835,51.5284
25.26313789,51.61266302
25.2835,51.5284
25.35135135,51.51997507
25.35135135,51.51997507
25.35135135,51.51997507
26.213,50.6016
26.213,50.6016
26.213,50.6016
25.27443561,51.5313828
25.27443561,51.5313828
25.27443561,51.5313828
25.269535,51.212767
25.17552307,51.43452899
25.28710155,51.53308603
26.20296304,50.58502436
25.29468756,51.52889203
25.2835,51.5284
25.37061,51.53957
25.1846051,51.5676033
25.1846051,51.5676033
25.24547956,51.46444559
25.16275191,51.59731654
25.3582449,51.4291344
25.15866715,51.59673214
26.26059247,50.61516626
25.2835,51.5284
25.38689897,51.52340346
25.28710155,51.53308603
25.38689897,51.52340346
25.1846051,51.5676033
25.1846051,51.5676033
25.2854473,51.5310398
25.2835,51.5284
25.26558713,51.41221053
25.269535,51.212767
26.21294772,50.57179125
25.2835,51.5284
25.1846051,51.5676033
25.1846051,51.5676033
25.3148,51.4394
25.2854473,51.5310398
25.22872534,51.408839
25.2835,51.5284
25.241153,51.5546071
25.22872534,51.408839
25.1846051,51.5676033
25.1846051,51.5676033
25.269535,51.212767
25.24733546,51.48910046
25.28640804,51.52624907
25.2835,51.5284
25.26270072,51.61311597
25.22836273,51.50006533
25.314236,51.262207
25.314236,51.262207
25.314236,51.262207
25.31476056,51.44185661
25.371474,51.51043568
26.14090742,50.5873529
26.14090742,50.5873529
25.26170143,51.61321531
26.21558607,50.58694421
25.2835,51.5284
26.21558607,50.58694421
25.2835,51.5284
25.2835,51.5284
25.2835,51.5284
25.2835,51.5284
25.2835,51.5284
25.2835,51.5284
25.2835,51.5284
25.2835,51.5284
25.2835,51.5284
26.14090742,50.5873529
25.31465406,51.44194779
25.22872534,51.408839
25.2835,51.5284
25.2635594,51.4481163
25.2635594,51.4481163
25.2635594,51.4481163
25.26713478,51.48397207
26.2208,50.5849
25.26713478,51.48397207
25.269535,51.212767
25.22872534,51.408839
25.3243959,51.5392503
25.17552307,51.43452899
25.17552307,51.43452899
25.17552307,51.43452899
25.33016093,51.52636585
25.26270072,51.61311597
26.2208,50.5849
25.87786358,51.35121283
25.269535,51.212767
25.2835,51.5284
25.1846051,51.5676033
25.1846051,51.5676033
25.1846051,51.5676033
25.1846051,51.5676033
25.386261,51.52404
25.38625804,51.52218686
25.26860907,51.54966876
25.1846051,51.5676033
25.1846051,51.5676033
25.34475773,51.44056698
25.34475773,51.44056698
25.36085751,51.5239048
25.2854473,51.5310398
25.313964,51.516592
25.1846051,51.5676033
25.1846051,51.5676033
26.21294772,50.57179125
25.32886321,51.53032279
25.20235165,51.45526071
25.2854473,51.5310398
25.18073509,51.42959425
25.1846051,51.5676033
25.1846051,51.5676033
25.269535,51.212767
26.2208,50.5849
25.2854473,51.5310398
25.36962334,51.54646008
25.28667205,51.53338985
25.25875722,51.44308137
25.25738072,51.48710159
25.25738072,51.48710159
25.2835,51.5284
25.2835,51.5284
25.2835,51.5284
25.2835,51.5284
25.2867,51.5333
26.213,50.6016
25.17552307,51.43452899
26.22424433,50.60673986
26.22722954,50.59940611
25.241153,51.5546071
26.213,50.6016
25.2835,51.5284
25.15866715,51.59673214
25.269535,51.212767
25.26237509,51.6127996
25.2739871,51.54146968
25.27469606,51.54108717
25.27431679,51.54150391
25.273423,51.541072
25.28333,51.53333
25.2795499,51.53745861
25.36085751,51.5239048
26.0576294,50.61887995
25.22619353,51.45688534
26.22595834,50.58870768
25.2835,51.5284
25.26270072,51.61311597
26.2426,50.6377
25.22619353,51.45688534
25.2835,51.5284
25.2835,51.5284
25.2835,51.5284
26.25,50.58
25.2835,51.5284
25.26689427,51.54020596
25.2835,51.5284
25.2835,51.5284
25.2835,51.5284
25.37760444,51.42076798
25.2835,51.5284
25.272359,51.511673
25.36962334,51.54646008
25.28699068,51.51156058
25.2835,51.5284
26.2208,50.5849
25.26710701,51.51846678
25.26710701,51.51846678
25.26710701,51.51846678
25.26710701,51.51846678
25.280282,51.522476
25.65222168,51.48777771
25.3118364,51.5255317
25.33454918,51.50944521
25.27124649,51.53665077
25.87786358,51.35121283
25.1846051,51.5676033
25.1846051,51.5676033
25.28659063,51.53229937
25.22872534,51.408839
26.2208,50.5849
25.2835,51.5284
25.259666,51.443119
25.2090873,51.43615428
25.2835,51.5284
25.1846051,51.5676033
25.1846051,51.5676033
25.37061,51.53957
25.26270072,51.61311597
25.26657233,51.514706
25.26270072,51.61311597
25.1846051,51.5676033
25.1149594,51.3448006
26.2733,50.6503
25.25214853,51.41326904
25.25214853,51.41326904
25.2090873,51.43615428
25.2835,51.5284
25.2854473,51.5310398
25.2835,51.5284
25.2835,51.5284
25.2835,51.5284
25.36962334,51.54646008
25.2835,51.5284
25.2835,51.5284
25.2835,51.5284
26.21558607,50.58694421
25.22872534,51.408839
25.22872534,51.408839
25.22872534,51.408839
25.2854473,51.5310398
26.2208,50.5849
25.1846051,51.5676033
25.1846051,51.5676033
26.2208,50.5849
26.2208,50.5849
26.2208,50.5849
25.2835,51.5284
26.2208,50.5849
26.2208,50.5849
25.39191214,51.52681042
25.3212013,51.43735891
25.36700833,51.52443559
25.37633975,51.52539565
26.2208,50.5849
26.14090742,50.5873529
25.36962334,51.54646008
25.33712212,51.48090363
25.254361,51.563298
25.25353512,51.56375813
25.2538926,51.56122492
25.25458957,51.56327525
25.26326048,51.55639204
25.26262554,51.55566781
25.26357677,51.55415162
25.9941402,50.5830056
26.2733,50.6503
25.26642394,51.40900588
25.2835,51.5284
26.21438441,50.59200269
25.2835,51.5284
25.2835,51.5284
25.2835,51.5284
25.2835,51.5284
25.26713478,51.48397207
25.2835,51.5284
25.2835,51.5284
25.28527702,51.52991165
25.314,51.4788
26.213,50.6016
25.26713478,51.48397207
26.213,50.6016
25.26713478,51.48397207
26.213,50.6016
26.213,50.6016
26.217,50.583
26.213,50.6016
26.213,50.6016
26.213,50.6016
25.26713478,51.48397207
25.2835,51.5284
25.2835,51.5284
25.2835,51.5284
25.1846051,51.5676033
25.1846051,51.5676033
25.2835,51.5284
25.870167,51.519768
26.213,50.6016
25.24547956,51.46444559
26.2208,50.5849
25.1846051,51.5676033
25.1846051,51.5676033
25.241153,51.5546071
25.28645125,51.52422519
25.36962334,51.54646008
26.2208,50.5849
25.267981,51.450571
25.31942,51.529785
25.31868767,51.5264538
25.1149594,51.3448006
25.31790282,51.5211535
25.38600984,51.44189816
25.2835,51.5284
25.31425037,51.51357976
25.2707205,51.5377987
25.2854473,51.5310398
25.2835,51.5284
25.32102673,51.43746683
25.269535,51.212767
25.35329563,51.51361174
25.35329563,51.51361174
25.28556882,51.50059616
25.28556882,51.50059616
25.26662632,51.52613511
25.2835,51.5284
25.25886322,51.48358583
25.23386021,51.57467008
25.2491,51.5538
25.23854958,51.58504939
25.2345389,51.57077055
25.23903193,51.57145313
25.22678193,51.58244413
25.12897663,51.33519148
25.28803843,51.5321214
25.2707205,51.5377987
25.32214936,51.42919064
25.32091569,51.52925763
25.36153573,51.52336794
25.22872534,51.408839
25.34475773,51.44056698
25.35986374,51.5248001
25.361872,51.522878
25.2835,51.5284
25.387071,51.523287
25.26621004,51.55297639
25.266829,51.55136798
25.2659453,51.55274526
25.26326048,51.55639204
25.34434773,51.46948573
26.2589933,50.6144595
26.2208,50.5849
25.2840212,51.45797611
25.2835,51.5284
25.28902237,51.53983471
25.28902237,51.53983471
25.2835,51.5284
25.27506791,51.50913435
25.27594563,51.50783651
25.272236,51.511623
25.27477094,51.50909119
25.27488545,51.50866679
25.26786067,51.5153065
25.328731,51.5306
25.34475773,51.44056698
26.2208,50.5849
25.2835,51.5284
25.2835,51.5284
25.2835,51.5284
26.23608316,50.58074812
26.23474121,50.59465408
26.23474121,50.59465408
26.23474121,50.59465408
25.17118795,51.54686974
25.2635594,51.4481163
25.27816237,51.50248633
25.22872534,51.408839
25.25992342,51.44338711
25.269535,51.212767
25.269535,51.212767
26.21558607,50.58694421
25.35135135,51.51997507
25.22872534,51.408839
25.1768,51.605
25.32091569,51.52925763
25.1846051,51.5676033
25.1846051,51.5676033
25.1846051,51.5676033
25.1846051,51.5676033
26.22595834,50.58870768
24.85243,50.86188833
26.21231308,50.59398923
26.2208,50.5849
25.1846051,51.5676033
25.1846051,51.5676033
25.2835,51.5284
25.26270072,51.61311597
25.1846051,51.5676033
25.1846051,51.5676033
25.32617484,51.54020533
25.37444172,51.4669485
25.25223956,51.55458417
25.32627,51.540344
24.85243,50.86188833
26.27068994,50.62540486
25.241153,51.5546071
25.34816737,51.50710164
26.207984,50.610646
25.371474,51.51043568
26.25,50.58
26.21231308,50.59398923
25.36962334,51.54646008
25.327192,51.349846
25.32695,51.351386
25.325874,51.350167
25.327153,51.349934
25.326492,51.351868
25.326633,51.350777
25.326982,51.350181
25.326161,51.348493
25.32716166,51.34858013
26.23608316,50.58074812
25.22972222,51.54583333
25.2854473,51.5310398
26.06821632,51.34432022
25.38600984,51.44189816
25.2835,51.5284
24.76363258,50.74888105
26.2208,50.5849
25.2835,51.5284
25.2835,51.5284
25.269535,51.212767
25.36962334,51.54646008
25.2835,51.5284
26.25434012,50.6263389
26.25453273,50.62577301
25.2895958,51.54374615
26.2208,50.5849
26.2208,50.5849
25.3189033,51.46966848
25.317864,51.470159
25.318462,51.470109
25.31811464,51.47012059
25.31753538,51.47076625
25.3189313,51.47003329
25.6839,51.5058
25.30087,51.51738
25.28645125,51.52422519
26.21558607,50.58694421
25.37761983,51.5235083
25.376772,51.524075
25.37555342,51.52439965
25.37633975,51.52539565
25.377298,51.525421
25.37781348,51.52428569
25.375291,51.524452
25.34816625,51.5294677
25.68230977,51.5171183
25.2635594,51.4481163
25.289852,51.545749
25.144379,51.301707
25.2835,51.5284
25.2835,51.5284
25.2835,51.5284
25.2835,51.5284
25.2835,51.5284
25.2835,51.5284
25.2835,51.5284
25.2835,51.5284
25.2835,51.5284
25.2835,51.5284
25.2835,51.5284
25.2835,51.5284
25.39191214,51.52681042
25.17118795,51.54686974
25.2835,51.5284
25.22872534,51.408839
25.269535,51.212767
25.269535,51.212767
25.269535,51.212767
25.25992342,51.44338711
25.26558713,51.41221053
25.27816237,51.50248633
25.27301245,51.40936245
25.2635594,51.4481163
25.17118795,51.54686974
25.22619353,51.45688534
25.27303854,51.41348898
25.27775527,51.40739798
25.33454918,51.50944521
25.2835,51.5284
25.36962334,51.54646008
25.27301245,51.40936245
25.27303854,51.41348898
25.25992342,51.44338711
25.26558713,51.41221053
25.25992342,51.44338711
25.33454918,51.50944521
25.27303854,51.41348898
25.27775527,51.40739798
25.27303854,51.41348898
25.22872534,51.408839
25.27856169,51.42735804
25.22872534,51.408839
25.33454918,51.50944521
25.2707205,51.5377987
25.2835,51.5284
25.269535,51.212767
25.33454918,51.50944521
25.33454918,51.50944521
25.27124649,51.53665077
25.22972222,51.54583333
25.2689,51.5334
25.26214638,51.54677647
26.2208,50.5849
26.25117363,50.63900775
26.25117363,50.63900775
25.2867,51.5333
25.20926679,51.59008548
25.2345389,51.57077055
25.254361,51.563298
25.24547956,51.46444559
25.1846051,51.5676033
25.1846051,51.5676033
25.144379,51.301707
25.25886322,51.48358583
25.38600984,51.44189816
25.269535,51.212767
26.2208,50.5849
25.2835,51.5284
25.3882608,51.5232132
25.1846051,51.5676033
25.1846051,51.5676033
26.251,50.6165
25.2854473,51.5310398
25.322995,51.525922
25.1846051,51.5676033
25.1846051,51.5676033
25.28144149,51.501807
25.2835,51.5284
25.36962334,51.54646008
25.39191214,51.52681042
25.1846051,51.5676033
25.1846051,51.5676033
25.15976252,51.57410502
25.32730869,51.35039983
25.2835,51.5284
25.2835,51.5284
25.337438,51.480295
25.2835,51.5284
25.22872534,51.408839
25.28713459,51.52703762
25.22872534,51.408839
25.1149594,51.3448006
25.2835,51.5284
25.2917,51.4242
25.20235165,51.45526071
25.2835,51.5284
25.2835,51.5284
25.2835,51.5284
25.22872534,51.408839
25.31446787,51.49119117
25.2835,51.5284
25.2835,51.5284
25.4714014,51.46394776
25.2834,51.5293
26.14090742,50.5873529
25.2835,51.5284
25.2835,51.5284
25.2835,51.5284
25.1508,51.5378
26.24604264,50.58508664
25.30284125,51.47532846
25.30284125,51.47532846
26.2208,50.5849
25.2835,51.5284
25.30284125,51.47532846
25.22872534,51.408839
25.27040339,51.54604141
25.269703,51.547276
25.269792,51.547353
25.25640068,51.56204239
25.25833064,51.56067581
25.25458957,51.56327525
25.2835,51.5284
25.2854473,51.5310398
26.2208,50.5849
25.26202469,51.61235679
25.2835,51.5284
26.22710788,50.58843585
26.23969156,50.58135512
25.2835,51.5284
25.2835,51.5284
25.2241064,51.47311745
25.1846051,51.5676033
25.1846051,51.5676033
25.2635594,51.4481163
25.269535,51.212767
25.1149594,51.3448006
25.3118364,51.5255317
25.38828233,51.523201
25.1846051,51.5676033
25.1846051,51.5676033
26.251,50.6165
25.269535,51.212767
25.1846051,51.5676033
25.1846051,51.5676033
25.22872534,51.408839
25.37061,51.53957
26.22710788,50.58843585
26.30090591,50.63844719
25.1846051,51.5676033
25.1846051,51.5676033
25.2854473,51.5310398
25.3246857,51.5281144
25.2867,51.5333
25.28645125,51.52422519
25.2689,51.5334
25.28556882,51.50059616
26.21558607,50.58694421
26.16314747,50.6196545
26.16314747,50.6196545
25.22872534,51.408839
26.22922776,50.59096796
25.22872534,51.408839
25.22872534,51.408839
25.22872534,51.408839
25.269535,51.212767
25.25593089,51.4455718
25.1149594,51.3448006
25.49029223,51.45303011
25.17480138,51.57422051
25.26657233,51.514706
25.27158338,51.48503892
25.322995,51.525922
25.2990455,51.5418292
25.26679082,51.55409095
25.26249452,51.55762481
25.25640068,51.56204239
25.24859916,51.56760074
25.266829,51.55136798
25.2835,51.5284
25.2835,51.5284
25.2835,51.5284
25.2835,51.5284
26.26983625,50.62640694
25.27599219,51.51300043
25.2835,51.5284
25.2835,51.5284
25.2835,51.5284
25.2835,51.5284
25.2835,51.5284
25.2835,51.5284
25.2835,51.5284
25.2835,51.5284
25.26241775,51.61260354
26.2465814,50.57716225
25.2835,51.5284
25.2835,51.5284
26.217,50.583
26.213,50.6016
25.253207,51.559223
25.2527452,51.55882677
25.2538926,51.56122492
25.25458957,51.56327525
26.264848,50.630571
25.2835,51.5284
25.2835,51.5284
26.213,50.6016
25.17552307,51.43452899
26.2208,50.5849
25.17552307,51.43452899
25.2835,51.5284
25.28527702,51.52991165
25.25223956,51.55458417
26.213,50.6016
26.2208,50.5849
26.14090742,50.5873529
25.17480138,51.57422051
26.2208,50.5849
25.1846051,51.5676033
25.1846051,51.5676033
25.25992342,51.44338711
25.22872534,51.408839
26.14090742,50.5873529
25.26558713,51.41221053
25.1846051,51.5676033
25.1846051,51.5676033
25.36091401,51.52741047
25.36962334,51.54646008
25.17480138,51.57422051
25.1846051,51.5676033
25.1846051,51.5676033
25.2854473,51.5310398
25.26657233,51.514706
25.26657233,51.514706
25.2835,51.5284
25.2835,51.5284
25.28556882,51.50059616
25.269535,51.212767
25.17480138,51.57422051
26.30304783,50.64674467
25.2835,51.5284
25.2854473,51.5310398
25.31446787,51.49119117
25.32620916,51.54047623
25.349142,51.52722
25.17552307,51.43452899
25.17552307,51.43452899
25.32091569,51.52925763
25.22973368,51.43794785
26.2208,50.5849
25.13034442,51.33787498
25.36148042,51.52329688
25.1659314,51.5975524
24.85243,50.86188833
25.37760867,51.52346138
26.251,50.6165
26.28218232,50.60268079
25.271854,51.52931
25.27198325,51.5264122
25.27500941,51.52701289
25.27306918,51.52753257
25.27182337,51.52898294
25.31058882,51.51823997
25.29468756,51.52889203
25.28894377,51.52642246
25.27177272,51.52895904
25.4169,51.4578
25.557801,51.43597
25.29492187,51.54258876
25.2867,51.5333
25.29492187,51.54258876
26.25117363,50.63900775
26.24023008,50.57916641
25.34475773,51.44056698
25.33188175,51.49879667
25.2722,51.5215
26.246327,50.585857
26.24772204,50.58592614
25.24470049,51.44632457
25.22973368,51.43794785
25.22973368,51.43794785
25.2835,51.5284
25.2835,51.5284
25.2835,51.5284
25.34475773,51.44056698
25.2835,51.5284
25.34475773,51.44056698
25.22619353,51.45688534
25.26270072,51.61311597
25.24470049,51.44632457
25.26202469,51.61235679
26.2208,50.5849
25.17552307,51.43452899
25.17552307,51.43452899
25.17552307,51.43452899
25.22872534,51.408839
25.27303854,51.41348898
25.32708,51.38895
25.17118795,51.54686974
25.33454918,51.50944521
25.2512178,51.36902205
25.33644655,51.43854302
25.39191214,51.52681042
25.269535,51.212767
25.269535,51.212767
25.26270072,51.61311597
25.374664,51.539051
25.1846051,51.5676033
25.1846051,51.5676033
25.27911,51.54732
25.1846051,51.5676033
25.1846051,51.5676033
25.30087,51.51738
25.33454918,51.50944521
25.27124649,51.53665077
25.22972222,51.54583333
25.2854473,51.5310398
25.34434773,51.46948573
26.29111111,50.66527778
25.85163549,50.6122189
26.251,50.6165
25.1846051,51.5676033
25.1846051,51.5676033
26.2208,50.5849
26.213,50.6016
25.18562847,51.42513275
25.2854473,51.5310398
25.2835,51.5284
25.0748816,51.52302376
25.0669558,51.54991529
25.07874598,51.54213991
25.10337909,51.57888264
25.256684,51.444571
25.21488107,51.58115387
25.3148,51.4394
25.4169,51.4578
25.22872534,51.408839
26.2208,50.5849
25.25992342,51.44338711
25.2867,51.5333
25.1149594,51.3448006
25.2835,51.5284
25.2835,51.5284
25.26270072,51.61311597
25.17552307,51.43452899
25.241153,51.5546071
25.32091569,51.52925763
25.17552307,51.43452899
26.2208,50.5849
25.13034442,51.33787498
25.35592417,51.52554731
25.2835,51.5284
25.29725403,51.64586695
25.17552307,51.43452899
25.23816224,51.54662138
25.24215783,51.54446847
25.23919252,51.54573989
25.2418992,51.54457303
25.2835,51.5284
25.2421,51.5448
25.23739826,51.54042472
25.2835,51.5284
25.23573468,51.5439219
25.23548556,51.56238142
25.17552307,51.43452899
25.269535,51.212767
25.36962334,51.54646008
25.269535,51.212767
25.269535,51.212767
25.2835,51.5284
26.26966933,50.62599027
25.2835,51.5284
25.24699682,51.44299944
25.21254475,51.57906703
25.269535,51.212767
25.2835,51.5284
25.269535,51.212767
25.269535,51.212767
25.22972222,51.54583333
25.17552307,51.43452899
25.26710701,51.51846678
25.3118364,51.5255317
26.213,50.6016
25.1846051,51.5676033
25.1846051,51.5676033
25.2835,51.5284
25.25738072,51.48710159
25.25738072,51.48710159
25.2835,51.5284
25.2835,51.5284
25.29027144,51.53890047
25.2835,51.5284
25.39191214,51.52681042
25.1846051,51.5676033
25.1846051,51.5676033
26.2494,50.6387
25.2835,51.5284
25.1846051,51.5676033
25.1846051,51.5676033
25.22872534,51.408839
25.26558713,51.41221053
25.27301245,51.40936245
25.27301245,51.40936245
25.32886321,51.53032279
25.27303854,51.41348898
25.4231,51.519
25.2854473,51.5310398
25.1846051,51.5676033
25.1846051,51.5676033
25.1768,51.605
25.28739955,51.54914171
25.28377627,51.50298624
25.241153,51.5546071
25.2835,51.5284
26.282594,50.647287
25.28619337,51.52926833
26.2208,50.5849
25.269535,51.212767
25.2835,51.5284
25.28619337,51.52926833
25.20235165,51.45526071
26.21558607,50.58694421
25.269535,51.212767
26.251,50.6165
25.32091569,51.52925763
25.269535,51.212767
25.2835,51.5284
25.2835,51.5284
25.2835,51.5284
25.2835,51.5284
25.2835,51.5284
25.2835,51.5284
25.2835,51.5284
25.269535,51.212767
25.3610242,51.52412755
25.36153573,51.52336794
25.32531757,51.53002115
25.36149599,51.52315472
25.17552307,51.43452899
25.2835,51.5284
25.272258,51.525735
25.272221,51.525348
25.27227,51.52541
25.272132,51.524677
25.272495,51.52515
25.27449424,51.53007468
25.28894377,51.52642246
25.24699682,51.44299944
26.2325153,50.5877696
26.2325153,50.5877696
26.2325153,50.5877696
26.2325153,50.5877696
26.2325153,50.5877696
26.2325153,50.5877696
26.2325153,50.5877696
26.2325153,50.5877696
26.2325153,50.5877696
26.2325153,50.5877696
26.2325153,50.5877696
26.2325153,50.5877696
26.2325153,50.5877696
26.2325153,50.5877696
26.2325153,50.5877696
26.2325153,50.5877696
26.2325153,50.5877696
26.2325153,50.5877696
26.2325153,50.5877696
26.2325153,50.5877696
26.2325153,50.5877696
26.2325153,50.5877696
26.2325153,50.5877696
26.2325153,50.5877696
26.2325153,50.5877696
26.2325153,50.5877696
26.2325153,50.5877696
26.2325153,50.5877696
26.2325153,50.5877696
26.2325153,50.5877696
26.2325153,50.5877696
26.2325153,50.5877696
26.2325153,50.5877696
26.2325153,50.5877696
26.2325153,50.5877696
26.2325153,50.5877696
26.2325153,50.5877696
26.2325153,50.5877696
26.2325153,50.5877696
26.2325153,50.5877696
26.2325153,50.5877696
26.2325153,50.5877696
26.2325153,50.5877696
26.2325153,50.5877696
26.2325153,50.5877696
26.2325153,50.5877696
26.2325153,50.5877696
26.2325153,50.5877696
26.2325153,50.5877696
26.2325153,50.5877696
26.2325153,50.5877696
26.2325153,50.5877696
26.2325153,50.5877696
26.2325153,50.5877696
26.2325153,50.5877696
26.2325153,50.5877696
26.2325153,50.5877696
26.2325153,50.5877696
26.2325153,50.5877696
26.2325153,50.5877696
26.2325153,50.5877696
26.2325153,50.5877696
26.2325153,50.5877696
26.2325153,50.5877696
26.2325153,50.5877696
26.2325153,50.5877696
26.2325153,50.5877696
26.2325153,50.5877696
26.2325153,50.5877696
26.2325153,50.5877696
26.2325153,50.5877696
26.2325153,50.5877696
26.2325153,50.5877696
26.2325153,50.5877696
26.2325153,50.5877696
26.2325153,50.5877696
26.2325153,50.5877696
26.2325153,50.5877696
26.2325153,50.5877696
26.2325153,50.5877696
26.2325153,50.5877696
26.2325153,50.5877696
26.2325153,50.5877696
26.2325153,50.5877696
26.2325153,50.5877696
26.2325153,50.5877696
26.2325153,50.5877696
26.2325153,50.5877696
26.2325153,50.5877696
26.2325153,50.5877696
26.2325153,50.5877696
26.2325153,50.5877696
26.2325153,50.5877696
26.2325153,50.5877696
26.2325153,50.5877696
26.2325153,50.5877696
26.2325153,50.5877696
26.2325153,50.5877696
26.2325153,50.5877696
26.2325153,50.5877696
26.2325153,50.5877696
26.2325153,50.5877696
26.2325153,50.5877696
26.2325153,50.5877696
26.2325153,50.5877696
26.2325153,50.5877696
26.2325153,50.5877696
26.2325153,50.5877696
26.2325153,50.5877696
26.2325153,50.5877696
26.2325153,50.5877696
26.2325153,50.5877696
26.2325153,50.5877696
26.2325153,50.5877696
26.2325153,50.5877696
26.2325153,50.5877696
26.2325153,50.5877696
26.2325153,50.5877696
26.2325153,50.5877696
26.2325153,50.5877696
26.2325153,50.5877696
26.2325153,50.5877696
26.2325153,50.5877696
26.2325153,50.5877696
26.2325153,50.5877696
26.2325153,50.5877696
26.2325153,50.5877696
26.2325153,50.5877696
26.2325153,50.5877696
26.2325153,50.5877696
26.2325153,50.5877696
26.2325153,50.5877696
26.2325153,50.5877696
26.2325153,50.5877696
26.2325153,50.5877696
26.2325153,50.5877696
26.2325153,50.5877696
26.2325153,50.5877696
26.2325153,50.5877696
26.2325153,50.5877696
26.2325153,50.5877696
26.2325153,50.5877696
26.2325153,50.5877696
26.2325153,50.5877696
26.2325153,50.5877696
26.2325153,50.5877696
26.2325153,50.5877696
26.2325153,50.5877696
26.2325153,50.5877696
26.2325153,50.5877696
26.2325153,50.5877696
26.2325153,50.5877696
26.2325153,50.5877696
26.2325153,50.5877696
26.2325153,50.5877696
26.2325153,50.5877696
26.2325153,50.5877696
26.2325153,50.5877696
26.2325153,50.5877696
26.2325153,50.5877696
26.2325153,50.5877696
26.2325153,50.5877696
26.2325153,50.5877696
26.2325153,50.5877696
26.2325153,50.5877696
26.2325153,50.5877696
26.2325153,50.5877696
26.2325153,50.5877696
26.2325153,50.5877696
26.2325153,50.5877696
26.2325153,50.5877696
26.2325153,50.5877696
26.2325153,50.5877696
26.2325153,50.5877696
26.2325153,50.5877696
26.2325153,50.5877696
26.2325153,50.5877696
26.2325153,50.5877696
26.2325153,50.5877696
26.2325153,50.5877696
26.2325153,50.5877696
26.2325153,50.5877696
26.2325153,50.5877696
26.2325153,50.5877696
26.2325153,50.5877696
26.2325153,50.5877696
26.2325153,50.5877696
26.2325153,50.5877696
26.2325153,50.5877696
26.2325153,50.5877696
26.2325153,50.5877696
26.2325153,50.5877696
26.2325153,50.5877696
26.2325153,50.5877696
26.2325153,50.5877696
26.2325153,50.5877696
26.2325153,50.5877696
26.2325153,50.5877696
26.2325153,50.5877696
26.2325153,50.5877696
26.2325153,50.5877696
26.2325153,50.5877696
26.2325153,50.5877696
26.2325153,50.5877696
26.2325153,50.5877696
26.2325153,50.5877696
26.2325153,50.5877696
25.26270072,51.61311597
25.2707205,51.5377987
25.2834,51.5293
26.2208,50.5849
25.29736442,51.55059459
26.213,50.6016
26.21309149,50.61898541
25.2835,51.5284
25.31831715,51.53634477
25.24699682,51.44299944
25.24699682,51.44299944
25.269535,51.212767
25.269535,51.212767
25.269535,51.212767
25.269535,51.212767
25.4169,51.4578
25.24638889,51.47888889
26.213,50.6016
26.213,50.6016
26.213,50.6016
26.213,50.6016
26.213,50.6016
25.35135135,51.51997507
26.213,50.6016
26.213,50.6016
26.213,50.6016
26.213,50.6016
26.213,50.6016
25.13034442,51.33787498
25.27124649,51.53665077
25.33454918,51.50944521
25.2707205,51.5377987
25.2835,51.5284
25.2835,51.5284
25.2835,51.5284
25.2835,51.5284
25.17552307,51.43452899
25.17552307,51.43452899
25.2835,51.5284
25.269535,51.212767
25.17552307,51.43452899
25.269535,51.212767
26.213,50.6016
26.14090742,50.5873529
25.1846051,51.5676033
25.1846051,51.5676033
26.2208,50.5849
25.269535,51.212767
25.2835,51.5284
25.1846051,51.5676033
25.1846051,51.5676033
25.1846051,51.5676033
25.1846051,51.5676033
25.2835,51.5284
25.269535,51.212767
25.2835,51.5284
25.241153,51.5546071
26.24665496,50.5815501
26.213,50.6016
25.28814347,51.53373241
25.2835,51.5284
25.269535,51.212767
25.1846051,51.5676033
25.1846051,51.5676033
25.1149594,51.3448006
25.28636129,51.53235541
25.36962334,51.54646008
26.23608316,50.58074812
25.2835,51.5284
25.2835,51.5284
25.2835,51.5284
25.2835,51.5284
25.2835,51.5284
25.2835,51.5284
25.2835,51.5284
25.1149594,51.3448006
25.363468,51.525677
25.269535,51.212767
25.2835,51.5284
25.2835,51.5284
25.2835,51.5284
25.2835,51.5284
25.2527424,51.50287626
25.2835,51.5284
25.34475773,51.44056698
25.185252,51.591558
25.188005,51.586964
25.18435725,51.59100024
25.19467265,51.59429894
25.19006945,51.59782023
25.4697,51.3975
25.26270072,51.61311597
25.21022633,51.57563292
25.21024,51.575602
25.210111,51.575458
25.2109164,51.57701813
25.212605,51.57543
25.33191409,51.49869322
25.33454918,51.50944521
25.2835,51.5284
25.17552307,51.43452899
25.17552307,51.43452899
25.2835,51.5284
26.27923031,50.65412256
25.4231,51.519
25.28608921,51.51751608
25.331884,51.497571
25.27301245,51.40936245
25.26642394,51.40900588
25.37599996,51.54975057
25.2835,51.5284
25.28645125,51.52422519
25.2835,51.5284
25.27212332,51.5014695
25.22872534,51.408839
25.33454918,51.50944521
25.36962334,51.54646008
25.31466287,51.44297767
25.26558713,51.41221053
25.25992342,51.44338711
25.27816237,51.50248633
25.33454918,51.50944521
25.22619353,51.45688534
25.2635594,51.4481163
25.26558713,51.41221053
25.27816237,51.50248633
25.32708,51.38895
25.2512178,51.36902205
25.32884818,51.53022933
25.26101869,51.44426878
25.27775527,51.40739798
25.17118795,51.54686974
25.25992342,51.44338711
25.32708,51.38895
25.34475773,51.44056698
25.24824198,51.490263
25.1508,51.5378
25.42129,50.809938
25.1658958,51.5714883
25.26283184,51.54448681
25.269792,51.547353
25.26069263,51.54446113
25.262528,51.545552
25.258474,51.536586
25.26726466,51.54971499
25.261508,51.542291
25.17552307,51.43452899
26.23987277,50.58236254
25.36148042,51.52329688
25.2854473,51.5310398
25.30283329,51.50778329
25.2835,51.5284
25.2835,51.5284
25.2835,51.5284
25.2835,51.5284
25.2835,51.5284
25.2835,51.5284
26.22036368,50.60434324
26.25,50.65
25.2835,51.5284
25.2835,51.5284
25.2835,51.5284
25.24248869,51.56957375
25.24526229,51.56860146
25.24746128,51.56691748
25.23859093,51.56303469
25.2835,51.5284
25.2835,51.5284
25.2835,51.5284
25.2835,51.5284
26.22463944,50.58217049
25.2835,51.5284
25.2835,51.5284
26.2272862,50.58564935
25.2835,51.5284
25.2835,51.5284
26.2208,50.5849
25.28789929,51.53257858
25.29468756,51.52889203
25.286892,51.531585
25.28300443,51.52391192
25.28291,51.523732
25.28299797,51.5236809
25.284407,51.444157
25.34475773,51.44056698
25.34475773,51.44056698
25.2835,51.5284
26.2208,50.5849
25.2835,51.5284
25.1219,51.2183
25.2835,51.5284
26.22036368,50.60434324
25.32708,51.38895
25.32708,51.38895
25.277,51.5331
25.37760444,51.42076798
25.269535,51.212767
25.2835,51.5284
25.2835,51.5284
25.2835,51.5284
25.2835,51.5284
25.25768,51.55334
25.1219,51.2183
25.26226483,51.44501508
25.26226483,51.44501508
25.36962334,51.54646008
25.2835,51.5284
25.3186217,51.5301434
25.265625,51.61322683
25.17480138,51.57422051
25.1645812,51.5676033
25.1645812,51.5676033
25.32708,51.38895
25.27816237,51.50248633
25.33454918,51.50944521
25.40442609,51.3945473
25.39191214,51.52681042
25.22619353,51.45688534
25.27816237,51.50248633
25.17118795,51.54686974
25.26377286,51.44103527
25.33454918,51.50944521
25.2512178,51.36902205
26.21558607,50.58694421
25.277,51.5331
25.28640804,51.52624907
25.36962334,51.54646008
25.164344,51.597896
25.165405,51.597392
25.16814399,51.59751185
25.164507,51.597946
25.1645812,51.5676033
25.1645812,51.5676033
26.23758664,50.57405989
25.22872534,51.408839
25.32886321,51.53032279
25.34475773,51.44056698
25.2835,51.5284
25.2835,51.5284
26.2208,50.5849
26.30090591,50.63844719
25.36962334,51.54646008
25.2919238,51.5100532
25.2854473,51.5310398
25.1645812,51.5676033
25.1645812,51.5676033
25.2835,51.5284
25.2835,51.5284
25.2835,51.5284
25.2835,51.5284
25.2835,51.5284
25.1219,51.2183
24.83606287,50.86785793
24.83606287,50.86785793
25.2854473,51.5310398
25.34475773,51.44056698
24.83606287,50.86785793
25.18763431,51.46398504
25.327192,51.349846
26.26645122,50.62443536
25.2835,51.5284
25.2835,51.5284
25.269535,51.212767
26.26645122,50.62443536
26.246327,50.585857
25.17552307,51.43452899
25.17552307,51.43452899
25.2835,51.5284
25.2835,51.5284
25.2835,51.5284
25.2835,51.5284
25.2835,51.5284
25.36085751,51.5239048
25.2835,51.5284
25.2835,51.5284
25.2835,51.5284
25.2835,51.5284
25.2835,51.5284
25.2835,51.5284
25.2835,51.5284
25.2835,51.5284
25.2835,51.5284
25.2835,51.5284
25.2835,51.5284
25.1219,51.2183
25.1219,51.2183
25.1219,51.2183
25.2835,51.5284
25.2694041,51.53543354
26.2457,50.6544
26.2208,50.5849
26.22679628,50.59047093
25.36962334,51.54646008
25.17552307,51.43452899
25.17552307,51.43452899
25.17552307,51.43452899
25.17552307,51.43452899
25.17552307,51.43452899
25.28990863,51.53289957
24.83606287,50.86785793
25.3186217,51.5301434
25.28527702,51.52991165
26.2208,50.5849
26.21399176,50.59543217
26.21399176,50.59543217
25.1645812,51.5676033
25.1645812,51.5676033
25.2835,51.5284
25.1645812,51.5676033
25.1645812,51.5676033
25.17480138,51.57422051
26.21297037,50.61789717
25.2854473,51.5310398
25.40073718,51.52098599
25.27931443,51.60732696
25.290267,51.544557
25.36153573,51.52336794
25.361872,51.522878
26.2465814,50.57716225
26.2208,50.5849
26.2208,50.5849
25.269535,51.212767
25.25223956,51.55458417
26.14090742,50.5873529
25.22972222,51.54583333
25.2835,51.5284
25.15280292,51.59877729
25.1528931,51.59874024
25.15306771,51.59887387
25.14900719,51.59804945
25.2835,51.5284
25.17552307,51.43452899
25.2835,51.5284
25.269535,51.212767
25.1219,51.2183
25.2835,51.5284
25.2835,51.5284
25.3284,51.4924
25.4231,51.519
25.3118364,51.5255317
25.1968467,51.5032989
25.16181898,51.4229357
25.16181898,51.4229357
26.30090591,50.63844719
25.2684663,51.41233775
26.30090591,50.63844719
25.2854473,51.5310398
25.27327946,51.5015548
25.67600355,51.49298654
25.27327621,51.49731505
25.269535,51.212767
26.2208,50.5849
25.2854473,51.5310398
25.269535,51.212767
26.22857579,50.59568346
25.269535,51.212767
25.269535,51.212767
25.269535,51.212767
25.15866715,51.59673214
25.3582449,51.4291344
25.24638889,51.47888889
25.2854473,51.5310398
25.259666,51.443119
25.259709,51.443007
25.26078104,51.44435304
25.25837228,51.44331125
25.259975,51.442656
25.25802233,51.44238914
25.25937622,51.44315464
25.2687734,51.4901679
25.2835,51.5284
25.269535,51.212767
26.23987277,50.58236254
25.2854473,51.5310398
26.2208,50.5849
25.33191409,51.49869322
25.28926406,51.5109038
25.28959703,51.51092086
25.13034442,51.33787498
26.22333072,50.58250749
25.28789929,51.53257858
25.17552307,51.43452899
26.20814793,50.61219569
26.219862,50.6102219
25.327192,51.349846
26.2208,50.5849
25.28013411,51.50811198
25.38600984,51.44189816
26.2208,50.5849
25.327192,51.349846
26.2208,50.5849
25.2835,51.5284
25.36411,51.531418
25.2689,51.5334
25.34434773,51.46948573
25.34434773,51.46948573
25.34434773,51.46948573
25.34434773,51.46948573
25.34434773,51.46948573
25.22872534,51.408839
25.1846051,51.5676033
25.1846051,51.5676033
25.1219,51.2183
25.2854473,51.5310398
25.31058882,51.51823997
25.1846051,51.5676033
25.1846051,51.5676033
25.1149594,51.3448006
25.22872534,51.408839
25.2835,51.5284
25.1846051,51.5676033
25.1846051,51.5676033
25.2835,51.5284
25.22619353,51.45688534
25.22619353,51.45688534
25.22619353,51.45688534
26.22463944,50.58217049
25.361872,51.522878
26.21541096,50.59233135
26.22463944,50.58217049
25.22619353,51.45688534
25.371474,51.51043568
25.4169,51.4039
25.2835,51.5284
25.2835,51.5284
26.2336,50.594
25.2835,51.5284
25.25800783,51.42449176
25.2835,51.5284
26.2146055,50.59293009
25.28414339,51.51796196
25.26240297,51.61382707
25.35135135,51.51997507
25.2834,51.5293
25.2854473,51.5310398
25.2834,51.5293
25.16671112,51.57132667
25.15976252,51.57410502
25.16563211,51.57230156
25.16794727,51.57275882
25.335114,51.445504
25.67301021,51.50816372
25.11494172,51.58374418
25.13150164,51.5934054
25.25622074,51.42896646
25.139573,51.598535
25.14844935,51.59812861
25.09116173,51.57469177
